what is the highest point in florida ?	_answer ( A , _highest ( A , ( _place ( A ) , _loc ( A , B ) , _const ( B , _stateid ( florida ) ) ) ) )
what are the high points of states surrounding mississippi ?	_answer ( A , ( _high_point ( B , A ) , _loc ( A , B ) , _state ( B ) , _next_to ( B , C ) , _const ( C , _stateid ( mississippi ) ) ) )
what state has the shortest river ?	_answer ( A , ( _state ( A ) , _loc ( B , A ) , _shortest ( B , _river ( B ) ) ) )
what is the tallest mountain in the united states ?	_answer ( A , _highest ( A , ( _mountain ( A ) , _loc ( A , B ) , _const ( B , _countryid ( usa ) ) ) ) )
what is the capital of maine ?	_answer ( A , ( _capital ( A ) , _loc ( A , B ) , _const ( B , _stateid ( maine ) ) ) )
what are the populations of states through which the mississippi river run ?	_answer ( A , ( _population ( B , A ) , _state ( B ) , _const ( C , _riverid ( mississippi ) ) , _river ( C ) , _traverse ( C , B ) ) )
name all the lakes of us ?	_answer ( A , ( _lake ( A ) , _loc ( A , B ) , _const ( B , _countryid ( usa ) ) ) )
which states border states through which the mississippi traverses ?	_answer ( A , ( _state ( A ) , _next_to ( A , B ) , _state ( B ) , _const ( C , _riverid ( mississippi ) ) , _traverse ( C , B ) ) )
what is the highest mountain in alaska ?	_answer ( A , _highest ( A , ( _mountain ( A ) , _loc ( A , B ) , _const ( B , _stateid ( alaska ) ) ) ) )
what is the population of illinois ?	_answer ( A , ( _population ( B , A ) , _const ( B , _stateid ( illinois ) ) ) )
name all the rivers in colorado ?	_answer ( A , ( _river ( A ) , _loc ( A , B ) , _const ( B , _stateid ( colorado ) ) ) )
in which state does the highest point in usa exist ?	_answer ( A , ( _loc ( B , A ) , _state ( A ) , _highest ( B , ( _place ( B ) , _loc ( B , C ) , _const ( C , _countryid ( usa ) ) ) ) ) )
which state is the city denver located in ?	_answer ( A , ( _state ( A ) , _city ( B ) , _const ( B , _cityid ( denver , _ ) ) , _loc ( B , A ) ) )
what is the lowest point in texas ?	_answer ( A , _lowest ( A , ( _place ( A ) , _loc ( A , B ) , _const ( B , _stateid ( texas ) ) ) ) )
how many states have a city called rochester ?	_answer ( A , _count ( B , ( _state ( B ) , _loc ( C , B ) , _const ( C , _cityid ( rochester , _ ) ) ) , A ) )
which capitals are in the states that border texas ?	_answer ( A , ( _capital ( A ) , _loc ( A , B ) , _state ( B ) , _next_to ( B , C ) , _const ( C , _stateid ( texas ) ) ) )
how many people live in austin ?	_answer ( A , ( _population ( B , A ) , _const ( B , _cityid ( austin , _ ) ) ) )
what states have rivers named colorado ?	_answer ( A , ( _state ( A ) , _loc ( B , A ) , _const ( B , _riverid ( colorado ) ) ) )
what is the size of texas ?	_answer ( A , ( _size ( B , A ) , _const ( B , _stateid ( texas ) ) ) )
what is the shortest river in the usa ?	_answer ( A , _shortest ( A , ( _river ( A ) , _loc ( A , B ) , _const ( B , _countryid ( usa ) ) ) ) )
what are the major cities of the us ?	_answer ( A , ( _major ( A ) , _city ( A ) , _loc ( A , B ) , _const ( B , _countryid ( usa ) ) ) )
which state border kentucky ?	_answer ( A , ( _state ( A ) , _next_to ( A , B ) , _const ( B , _stateid ( kentucky ) ) ) )
what is the population of oregon ?	_answer ( A , ( _population ( B , A ) , _const ( B , _stateid ( oregon ) ) ) )
what states have a city named austin ?	_answer ( A , ( _state ( A ) , _loc ( B , A ) , _const ( B , _cityid ( austin , _ ) ) ) )
what is the highest elevation in south carolina ?	_answer ( A , _highest ( A , ( _place ( A ) , _loc ( A , B ) , _const ( B , _stateid ( ' south carolina ' ) ) ) ) )
how many people live in austin texas ?	_answer ( A , ( _population ( B , A ) , _const ( B , _cityid ( austin , tx ) ) ) )
what are the rivers in the state of texas ?	_answer ( A , ( _river ( A ) , _loc ( A , B ) , _state ( B ) , _const ( B , _stateid ( texas ) ) ) )
what is the lowest point of colorado ?	_answer ( A , _lowest ( A , ( _place ( A ) , _loc ( A , B ) , _const ( B , _stateid ( colorado ) ) ) ) )
what is the population of atlanta ?	_answer ( A , ( _population ( B , A ) , _const ( B , _cityid ( atlanta , _ ) ) ) )
what rivers are in utah ?	_answer ( A , ( _river ( A ) , _loc ( A , B ) , _const ( B , _stateid ( utah ) ) ) )
what river runs through the most states ?	_answer ( A , _most ( A , B , ( _river ( A ) , _traverse ( A , B ) , _state ( B ) ) ) )
what is the population of sacramento ?	_answer ( A , ( _population ( B , A ) , _const ( B , _cityid ( sacramento , _ ) ) ) )
could you tell me what is the highest point in the state of oregon ?	_answer ( A , _highest ( A , ( _place ( A ) , _loc ( A , B ) , _state ( B ) , _const ( B , _stateid ( oregon ) ) ) ) )
which states does the mississippi river run through ?	_answer ( A , ( _state ( A ) , _const ( B , _riverid ( mississippi ) ) , _river ( B ) , _traverse ( B , A ) ) )
what are the major cities in the smallest state in the us ?	_answer ( A , ( _major ( A ) , _city ( A ) , _loc ( A , B ) , _smallest ( B , ( _state ( B ) , _loc ( B , C ) , _const ( C , _countryid ( usa ) ) ) ) ) )
how high is guadalupe peak ?	_answer ( A , ( _elevation ( B , A ) , _const ( B , _placeid ( ' guadalupe peak ' ) ) ) )
what river runs through illinois ?	_answer ( A , ( _river ( A ) , _traverse ( A , B ) , _const ( B , _stateid ( illinois ) ) ) )
how long is the mississippi river ?	_answer ( A , ( _len ( B , A ) , _const ( B , _riverid ( mississippi ) ) , _river ( B ) ) )
how high is the highest point in the largest state ?	_answer ( A , ( _elevation ( B , A ) , _highest ( B , ( _place ( B ) , _loc ( B , C ) , _largest ( C , _state ( C ) ) ) ) ) )
what is the area of south carolina ?	_answer ( A , ( _area ( B , A ) , _const ( B , _stateid ( ' south carolina ' ) ) ) )
what are the states through which the longest river runs ?	_answer ( A , ( _state ( A ) , _longest ( B , ( _river ( B ) , _traverse ( B , A ) ) ) ) )
where is new orleans ?	_answer ( A , ( _loc ( B , A ) , _const ( B , _cityid ( ' new orleans ' , _ ) ) ) )
in what state is mount mckinley ?	_answer ( A , ( _loc ( B , A ) , _state ( A ) , _const ( B , _placeid ( ' mount mckinley ' ) ) ) )
what state has highest elevation ?	_answer ( A , ( _state ( A ) , _loc ( B , A ) , _highest ( B , _place ( B ) ) ) )
what is the size of california ?	_answer ( A , ( _size ( B , A ) , _const ( B , _stateid ( california ) ) ) )
what is the smallest state that borders texas ?	_answer ( A , _smallest ( A , ( _state ( A ) , _next_to ( A , B ) , _const ( B , _stateid ( texas ) ) ) ) )
how many citizens in alabama ?	_answer ( A , ( _population ( B , A ) , _const ( B , _stateid ( alabama ) ) ) )
in which state is rochester ?	_answer ( A , ( _loc ( B , A ) , _state ( A ) , _const ( B , _cityid ( rochester , _ ) ) ) )
how many states in the us does the shortest river run through ?	_answer ( A , _count ( B , ( _state ( B ) , _loc ( B , C ) , _const ( C , _countryid ( usa ) ) , _shortest ( D , _river ( D ) ) , _traverse ( D , B ) ) , A ) )
what is the biggest state in continental us ?	_answer ( A , _largest ( A , ( _state ( A ) , _loc ( A , B ) , _const ( B , _countryid ( usa ) ) ) ) )
what is the area of the largest state ?	_answer ( A , ( _area ( B , A ) , _largest ( B , _state ( B ) ) ) )
where is mount whitney ?	_answer ( A , ( _loc ( B , A ) , _const ( B , _placeid ( ' mount whitney ' ) ) ) )
how many states does iowa border ?	_answer ( A , _count ( B , ( _state ( B ) , _const ( C , _stateid ( iowa ) ) , _next_to ( C , B ) ) , A ) )
which states does the longest river cross ?	_answer ( A , ( _state ( A ) , _longest ( B , _river ( B ) ) , _traverse ( B , A ) ) )
what river flows through kansas ?	_answer ( A , ( _river ( A ) , _traverse ( A , B ) , _const ( B , _stateid ( kansas ) ) ) )
what is the population of austin texas ?	_answer ( A , ( _population ( B , A ) , _const ( B , _cityid ( austin , tx ) ) ) )
what is the capital of vermont ?	_answer ( A , ( _capital ( A ) , _loc ( A , B ) , _const ( B , _stateid ( vermont ) ) ) )
which states border colorado ?	_answer ( A , ( _state ( A ) , _next_to ( A , B ) , _const ( B , _stateid ( colorado ) ) ) )
how long is the mississippi ?	_answer ( A , ( _len ( B , A ) , _const ( B , _riverid ( mississippi ) ) ) )
what state has the largest population density ?	_answer ( A , _largest ( B , ( _state ( A ) , _density ( A , B ) ) ) )
what states border georgia ?	_answer ( A , ( _state ( A ) , _next_to ( A , B ) , _const ( B , _stateid ( georgia ) ) ) )
what is the capital of pennsylvania ?	_answer ( A , ( _capital ( A ) , _loc ( A , B ) , _const ( B , _stateid ( pennsylvania ) ) ) )
what are the biggest rivers in texas ?	_answer ( A , _longest ( A , ( _river ( A ) , _loc ( A , B ) , _const ( B , _stateid ( texas ) ) ) ) )
what is the longest river in the united states ?	_answer ( A , _longest ( A , ( _river ( A ) , _loc ( A , B ) , _const ( B , _countryid ( usa ) ) ) ) )
what is the capital of utah ?	_answer ( A , ( _capital ( A ) , _loc ( A , B ) , _const ( B , _stateid ( utah ) ) ) )
what state has the smallest population density ?	_answer ( A , _smallest ( B , ( _state ( A ) , _density ( A , B ) ) ) )
which capitals are not major cities ?	_answer ( A , ( _capital ( A ) , \+ ( _major ( A ) , _city ( A ) ) ) )
what is the biggest city in nebraska ?	_answer ( A , _largest ( A , ( _city ( A ) , _loc ( A , B ) , _const ( B , _stateid ( nebraska ) ) ) ) )
what is the population of texas ?	_answer ( A , ( _population ( B , A ) , _const ( B , _stateid ( texas ) ) ) )
what is the shortest river in the united states ?	_answer ( A , _shortest ( A , ( _river ( A ) , _loc ( A , B ) , _const ( B , _countryid ( usa ) ) ) ) )
what is the population of rhode island ?	_answer ( A , ( _population ( B , A ) , _const ( B , _stateid ( ' rhode island ' ) ) ) )
what is the state with the lowest point ?	_answer ( A , ( _state ( A ) , _loc ( B , A ) , _lowest ( B , _place ( B ) ) ) )
what is the longest river in new york ?	_answer ( A , _longest ( A , ( _river ( A ) , _loc ( A , B ) , _const ( B , _stateid ( ' new york ' ) ) ) ) )
what is the longest river that runs through a state that borders tennessee ?	_answer ( A , _longest ( A , ( _river ( A ) , _traverse ( A , B ) , _state ( B ) , _next_to ( B , C ) , _const ( C , _stateid ( tennessee ) ) ) ) )
how many major cities are in arizona ?	_answer ( A , _count ( B , ( _major ( B ) , _city ( B ) , _loc ( B , C ) , _const ( C , _stateid ( arizona ) ) ) , A ) )
what are the neighboring states for michigan ?	_answer ( A , ( _next_to ( A , B ) , _state ( A ) , _const ( B , _stateid ( michigan ) ) ) )
what state that borders texas is the largest ?	_answer ( A , _largest ( A , ( _state ( A ) , _next_to ( A , B ) , _const ( B , _stateid ( texas ) ) ) ) )
what is the shortest river ?	_answer ( A , _shortest ( A , _river ( A ) ) )
how many states border the state that borders the most states ?	_answer ( A , _count ( B , ( _state ( B ) , _next_to ( B , C ) , _most ( C , D , ( _state ( C ) , _next_to ( C , D ) , _state ( D ) ) ) ) , A ) )
which state is the largest city in montana in ?	_answer ( A , ( _state ( A ) , _largest ( B , ( _city ( B ) , _loc ( B , C ) , _const ( C , _stateid ( montana ) ) ) ) , _loc ( B , A ) ) )
what is the population of washington dc ?	_answer ( A , ( _population ( B , A ) , _const ( B , _cityid ( washington , dc ) ) ) )
what is the most populous city in texas ?	_answer ( B , _largest ( A , ( _population ( B , A ) , _city ( B ) , _loc ( B , C ) , _const ( C , _stateid ( texas ) ) ) ) )
what is the capital of hawaii ?	_answer ( A , ( _capital ( A ) , _loc ( A , B ) , _const ( B , _stateid ( hawaii ) ) ) )
what is capital of iowa ?	_answer ( A , ( _capital ( A ) , _loc ( A , B ) , _const ( B , _stateid ( iowa ) ) ) )
where is san diego ?	_answer ( A , ( _loc ( B , A ) , _const ( B , _cityid ( ' san diego ' , _ ) ) ) )
what are the major cities in delaware ?	_answer ( A , ( _major ( A ) , _city ( A ) , _loc ( A , B ) , _const ( B , _stateid ( delaware ) ) ) )
what is the lowest point in louisiana ?	_answer ( A , _lowest ( A , ( _place ( A ) , _loc ( A , B ) , _const ( B , _stateid ( louisiana ) ) ) ) )
which state has the highest peak in the country ?	_answer ( A , _highest ( B , ( _state ( A ) , _loc ( B , A ) , _mountain ( B ) ) ) )
what texas city has the largest population ?	_answer ( A , _largest ( B , ( _const ( C , _stateid ( texas ) ) , _city ( A ) , _loc ( A , C ) , _population ( A , B ) ) ) )
what capital is the largest in the us ?	_answer ( A , _largest ( A , ( _capital ( A ) , _loc ( A , B ) , _const ( B , _countryid ( usa ) ) ) ) )
what is the population of new york ?	_answer ( A , ( _population ( B , A ) , _const ( B , _stateid ( ' new york ' ) ) ) )
what is the population of the capital of the smallest state ?	_answer ( A , ( _population ( B , A ) , _capital ( B ) , _loc ( B , C ) , _smallest ( C , _state ( C ) ) ) )
what is the area of alaska ?	_answer ( A , ( _area ( B , A ) , _const ( B , _stateid ( alaska ) ) ) )
what is the population of california ?	_answer ( A , ( _population ( B , A ) , _const ( B , _stateid ( california ) ) ) )
which state has the longest river ?	_answer ( A , _longest ( B , ( _state ( A ) , _loc ( B , A ) , _river ( B ) ) ) )
what is the capital of texas ?	_answer ( A , ( _capital ( A ) , _loc ( A , B ) , _const ( B , _stateid ( texas ) ) ) )
give me the cities which are in texas ?	_answer ( A , ( _city ( A ) , _loc ( A , B ) , _const ( B , _stateid ( texas ) ) ) )
what states border kentucky ?	_answer ( A , ( _state ( A ) , _next_to ( A , B ) , _const ( B , _stateid ( kentucky ) ) ) )
how high is the highest point of florida ?	_answer ( A , ( _elevation ( B , A ) , _highest ( B , ( _place ( B ) , _loc ( B , C ) , _const ( C , _stateid ( florida ) ) ) ) ) )
what are the major cities in north carolina ?	_answer ( A , ( _major ( A ) , _city ( A ) , _loc ( A , B ) , _const ( B , _stateid ( ' north carolina ' ) ) ) )
what is the highest point in the state with capital des moines ?	_answer ( A , _highest ( A , ( _place ( A ) , _loc ( A , B ) , _state ( B ) , _loc ( C , B ) , _capital ( C ) , _const ( C , _cityid ( ' des moines ' , _ ) ) ) ) )
what is the lowest point in california ?	_answer ( A , _lowest ( A , ( _place ( A ) , _loc ( A , B ) , _const ( B , _stateid ( california ) ) ) ) )
what is the biggest city in wyoming ?	_answer ( A , _largest ( A , ( _city ( A ) , _loc ( A , B ) , _const ( B , _stateid ( wyoming ) ) ) ) )
what is the largest state bordering texas ?	_answer ( A , _largest ( A , ( _state ( A ) , _next_to ( A , B ) , _const ( B , _stateid ( texas ) ) ) ) )
what is the smallest city in hawaii ?	_answer ( A , _smallest ( A , ( _city ( A ) , _loc ( A , B ) , _const ( B , _stateid ( hawaii ) ) ) ) )
what is the area of the states ?	_answer ( A , ( _area ( B , A ) , _state ( B ) ) )
what is the area of idaho ?	_answer ( A , ( _area ( B , A ) , _const ( B , _stateid ( idaho ) ) ) )
what state has the most rivers running through it ?	_answer ( A , _most ( A , B , ( _state ( A ) , _loc ( B , A ) , _river ( B ) , _traverse ( B , A ) ) ) )
what is the population of springfield missouri ?	_answer ( A , ( _population ( B , A ) , _const ( B , _cityid ( springfield , mo ) ) ) )
what is the most populated state bordering oklahoma ?	_answer ( A , _largest ( B , ( _population ( A , B ) , _state ( A ) , _next_to ( A , C ) , _const ( C , _stateid ( oklahoma ) ) ) ) )
what is the number of neighboring states for kentucky ?	_answer ( A , _count ( B , ( _state ( B ) , _next_to ( B , C ) , _const ( C , _stateid ( kentucky ) ) ) , A ) )
what is the average population per square km in pennsylvania ?	_answer ( A , ( _density ( B , A ) , _const ( B , _stateid ( pennsylvania ) ) ) )
what state has the highest population density ?	_answer ( A , _largest ( B , ( _state ( A ) , _density ( A , B ) ) ) )
what is the tallest mountain in america ?	_answer ( A , _highest ( A , ( _mountain ( A ) , _loc ( A , B ) , _const ( B , _countryid ( usa ) ) ) ) )
what is the highest point of the state with the largest area ?	_answer ( A , _highest ( A , ( _place ( A ) , _loc ( A , B ) , _largest ( C , ( _state ( B ) , _area ( B , C ) ) ) ) ) )
what are the states ?	_answer ( A , _state ( A ) )
how many rivers in washington ?	_answer ( A , _count ( B , ( _river ( B ) , _loc ( B , C ) , _const ( C , _stateid ( washington ) ) ) , A ) )
what are the populations of the states through which the mississippi river run ?	_answer ( A , ( _population ( B , A ) , _state ( B ) , _const ( C , _riverid ( mississippi ) ) , _river ( C ) , _traverse ( C , B ) ) )
what is the biggest river in illinois ?	_answer ( A , _largest ( A , ( _river ( A ) , _loc ( A , B ) , _const ( B , _stateid ( illinois ) ) ) ) )
what is the capital of michigan ?	_answer ( A , ( _capital ( A ) , _loc ( A , B ) , _const ( B , _stateid ( michigan ) ) ) )
what is the total population of the states that border texas ?	_answer ( A , _sum ( C , ( _state ( C ) , _next_to ( D , C ) , _const ( D , _stateid ( texas ) ) ) , _population ( C ) , A ) )
what states border rhode island ?	_answer ( A , ( _state ( A ) , _next_to ( A , B ) , _const ( B , _stateid ( ' rhode island ' ) ) ) )
what is the biggest city in oregon ?	_answer ( A , _largest ( A , ( _city ( A ) , _loc ( A , B ) , _const ( B , _stateid ( oregon ) ) ) ) )
what is the lowest point in wisconsin ?	_answer ( A , _lowest ( A , ( _place ( A ) , _loc ( A , B ) , _const ( B , _stateid ( wisconsin ) ) ) ) )
what are the rivers in the state of indiana ?	_answer ( A , ( _river ( A ) , _loc ( A , B ) , _state ( B ) , _const ( B , _stateid ( indiana ) ) ) )
what is the population of austin ?	_answer ( A , ( _population ( B , A ) , _const ( B , _cityid ( austin , _ ) ) ) )
what is the smallest city in arkansas ?	_answer ( A , _smallest ( A , ( _city ( A ) , _loc ( A , B ) , _const ( B , _stateid ( arkansas ) ) ) ) )
give me the longest river that passes through the us ?	_answer ( A , _longest ( A , ( _river ( A ) , _traverse ( A , B ) , _const ( B , _countryid ( usa ) ) ) ) )
how long is the missouri river ?	_answer ( A , ( _len ( B , A ) , _const ( B , _riverid ( missouri ) ) , _river ( B ) ) )
which state has the largest city ?	_answer ( A , _largest ( B , ( _state ( A ) , _loc ( B , A ) , _city ( B ) ) ) )
what is the lowest elevation in pennsylvania ?	_answer ( A , _lowest ( A , ( _place ( A ) , _loc ( A , B ) , _const ( B , _stateid ( pennsylvania ) ) ) ) )
what is the longest river in the state with the highest point ?	_answer ( A , _longest ( A , ( _river ( A ) , _loc ( A , B ) , _state ( B ) , _loc ( C , B ) , _highest ( C , _place ( C ) ) ) ) )
what states does the colorado river run through ?	_answer ( A , ( _state ( A ) , _const ( B , _riverid ( colorado ) ) , _river ( B ) , _traverse ( B , A ) ) )
what are the states that the potomac run through ?	_answer ( A , ( _state ( A ) , _const ( B , _riverid ( potomac ) ) , _traverse ( B , A ) ) )
what is the biggest city in the usa ?	_answer ( A , _largest ( A , ( _city ( A ) , _loc ( A , B ) , _const ( B , _countryid ( usa ) ) ) ) )
what state has no rivers ?	_answer ( A , ( _state ( A ) , \+ ( _loc ( B , A ) , _river ( B ) ) ) )
what is the highest point in rhode island ?	_answer ( A , _highest ( A , ( _place ( A ) , _loc ( A , B ) , _const ( B , _stateid ( ' rhode island ' ) ) ) ) )
name the states which have no surrounding states ?	_answer ( A , ( _state ( A ) , \+ ( _next_to ( A , B ) , _state ( B ) ) ) )
what is the population of atlanta ga ?	_answer ( A , ( _population ( B , A ) , _const ( B , _cityid ( atlanta , _ ) ) ) )
how many square kilometers in the us ?	_answer ( A , ( _area ( B , A ) , _const ( B , _countryid ( usa ) ) ) )
what is the population of idaho ?	_answer ( A , ( _population ( B , A ) , _const ( B , _stateid ( idaho ) ) ) )
what is the adjacent state of california ?	_answer ( A , ( _next_to ( A , B ) , _state ( A ) , _const ( B , _stateid ( california ) ) ) )
what is the smallest state through which the longest river runs ?	_answer ( A , _smallest ( A , ( _state ( A ) , _longest ( B , _river ( B ) ) , _traverse ( B , A ) ) ) )
what are the names of the major cities in illinois ?	_answer ( A , ( _major ( A ) , _city ( A ) , _loc ( A , B ) , _const ( B , _stateid ( illinois ) ) ) )
how many states does the colorado river run through ?	_answer ( A , _count ( B , ( _state ( B ) , _const ( C , _riverid ( colorado ) ) , _river ( C ) , _traverse ( C , B ) ) , A ) )
how many states does the colorado river flow through ?	_answer ( A , _count ( B , ( _state ( B ) , _const ( C , _riverid ( colorado ) ) , _river ( C ) , _traverse ( C , B ) ) , A ) )
what are the major cities in kansas ?	_answer ( A , ( _major ( A ) , _city ( A ) , _loc ( A , B ) , _const ( B , _stateid ( kansas ) ) ) )
which states border texas ?	_answer ( A , ( _state ( A ) , _next_to ( A , B ) , _const ( B , _stateid ( texas ) ) ) )
how many people live in new york ?	_answer ( A , ( _population ( B , A ) , _const ( B , _stateid ( ' new york ' ) ) ) )
what are the largest cities in the states that border the largest state ?	_answer ( A , _largest ( A , ( _city ( A ) , _loc ( A , B ) , _state ( B ) , _next_to ( B , C ) , _largest ( C , _state ( C ) ) ) ) )
which states have points that are higher than the highest point in texas ?	_answer ( A , ( _state ( A ) , _place ( B ) , _loc ( B , A ) , _higher ( B , C ) , _highest ( C , ( _place ( C ) , _loc ( C , D ) , _const ( D , _stateid ( texas ) ) ) ) ) )
what is the river that cross over ohio ?	_answer ( A , ( _river ( A ) , _traverse ( A , B ) , _const ( B , _stateid ( ohio ) ) ) )
what is the largest city in michigan ?	_answer ( A , _largest ( A , ( _city ( A ) , _loc ( A , B ) , _const ( B , _stateid ( michigan ) ) ) ) )
how many rivers are in the state with the highest point ?	_answer ( A , _count ( B , ( _river ( B ) , _loc ( B , C ) , _state ( C ) , _loc ( D , C ) , _highest ( D , _place ( D ) ) ) , A ) )
what cities are located in pennsylvania ?	_answer ( A , ( _city ( A ) , _loc ( A , B ) , _const ( B , _stateid ( pennsylvania ) ) ) )
what is the state with the lowest population ?	_answer ( A , _smallest ( B , ( _state ( A ) , _population ( A , B ) ) ) )
what is the highest point in each state whose lowest point is sea level ?	_answer ( A , ( _high_point ( B , A ) , _state ( B ) , _low_point ( B , C ) , _elevation ( C , 0.0 ) ) )
give me the cities in usa ?	_answer ( A , ( _city ( A ) , _loc ( A , B ) , _const ( B , _countryid ( usa ) ) ) )
how many states does the missouri river run through ?	_answer ( A , _count ( B , ( _state ( B ) , _const ( C , _riverid ( missouri ) ) , _river ( C ) , _traverse ( C , B ) ) , A ) )
what state has the city with the largest population ?	_answer ( A , ( _state ( A ) , _loc ( B , A ) , _largest ( C , ( _city ( B ) , _population ( B , C ) ) ) ) )
which is the shortest river ?	_answer ( A , _shortest ( A , _river ( A ) ) )
how many states border alaska ?	_answer ( A , _count ( B , ( _state ( B ) , _next_to ( B , C ) , _const ( C , _stateid ( alaska ) ) ) , A ) )
what is the population of dallas ?	_answer ( A , ( _population ( B , A ) , _const ( B , _cityid ( dallas , _ ) ) ) )
where is san jose ?	_answer ( A , ( _loc ( B , A ) , _const ( B , _cityid ( ' san jose ' , _ ) ) ) )
what states border states that border colorado ?	_answer ( A , ( _state ( A ) , _next_to ( A , B ) , _state ( B ) , _next_to ( B , C ) , _const ( C , _stateid ( colorado ) ) ) )
what rivers flow through the state with the largest population ?	_answer ( A , ( _river ( A ) , _traverse ( A , B ) , _largest ( C , ( _state ( B ) , _population ( B , C ) ) ) ) )
whats the largest city ?	_answer ( A , _largest ( A , _city ( A ) ) )
what is the capital of the alabama state ?	_answer ( A , ( _capital ( A ) , _loc ( A , B ) , _const ( B , _stateid ( alabama ) ) , _state ( B ) ) )
what states border arkansas ?	_answer ( A , ( _state ( A ) , _next_to ( A , B ) , _const ( B , _stateid ( arkansas ) ) ) )
what is the population of denver ?	_answer ( A , ( _population ( B , A ) , _const ( B , _cityid ( denver , _ ) ) ) )
what is the longest river in america ?	_answer ( A , _longest ( A , ( _river ( A ) , _loc ( A , B ) , _const ( B , _countryid ( usa ) ) ) ) )
where is massachusetts ?	_answer ( A , ( _loc ( B , A ) , _const ( B , _stateid ( massachusetts ) ) ) )
what state has the smallest area ?	_answer ( A , _smallest ( B , ( _state ( A ) , _area ( A , B ) ) ) )
what major rivers run through illinois ?	_answer ( A , ( _major ( A ) , _river ( A ) , _traverse ( A , B ) , _const ( B , _stateid ( illinois ) ) ) )
how many cities does the usa have ?	_answer ( A , _count ( B , ( _city ( B ) , _const ( C , _countryid ( usa ) ) , _loc ( B , C ) ) , A ) )
how many people live in california ?	_answer ( A , ( _population ( B , A ) , _const ( B , _stateid ( california ) ) ) )
what are the major rivers in the us ?	_answer ( A , ( _major ( A ) , _river ( A ) , _loc ( A , B ) , _const ( B , _countryid ( usa ) ) ) )
how many states does the mississippi river run through ?	_answer ( A , _count ( B , ( _state ( B ) , _const ( C , _riverid ( mississippi ) ) , _river ( C ) , _traverse ( C , B ) ) , A ) )
what is the area of texas ?	_answer ( A , ( _area ( B , A ) , _const ( B , _stateid ( texas ) ) ) )
what is the length of the river that traverses the most states ?	_answer ( A , ( _len ( B , A ) , _most ( B , C , ( _river ( B ) , _traverse ( B , C ) , _state ( C ) ) ) ) )
what is the length of the longest river in the usa ?	_answer ( A , ( _len ( B , A ) , _longest ( B , ( _river ( B ) , _loc ( B , C ) , _const ( C , _countryid ( usa ) ) ) ) ) )
can you tell me the capital of texas ?	_answer ( A , ( _capital ( A ) , _loc ( A , B ) , _const ( B , _stateid ( texas ) ) ) )
what is the largest city in minnesota by population ?	_answer ( A , _largest ( B , ( _city ( A ) , _loc ( A , C ) , _const ( C , _stateid ( minnesota ) ) , _population ( A , B ) ) ) )
what is the smallest state in the usa ?	_answer ( A , _smallest ( A , ( _state ( A ) , _loc ( A , B ) , _const ( B , _countryid ( usa ) ) ) ) )
what states neighbor maine ?	_answer ( A , ( _state ( A ) , _next_to ( A , B ) , _const ( B , _stateid ( maine ) ) ) )
what states high point are higher than that of colorado ?	_answer ( A , ( _state ( A ) , _high_point ( A , B ) , _higher ( B , C ) , _high_point ( D , C ) , _const ( D , _stateid ( colorado ) ) ) )
what is the highest mountain in texas ?	_answer ( A , _highest ( A , ( _mountain ( A ) , _loc ( A , B ) , _const ( B , _stateid ( texas ) ) ) ) )
what are the major cities in texas ?	_answer ( A , ( _major ( A ) , _city ( A ) , _loc ( A , B ) , _const ( B , _stateid ( texas ) ) ) )
what are the states that border the state with the greatest population ?	_answer ( A , ( _state ( A ) , _next_to ( B , A ) , _largest ( C , ( _state ( B ) , _population ( B , C ) ) ) ) )
what rivers run through colorado ?	_answer ( A , ( _river ( A ) , _traverse ( A , B ) , _const ( B , _stateid ( colorado ) ) ) )
how many rivers are there in us ?	_answer ( A , _count ( B , ( _river ( B ) , _loc ( B , C ) , _const ( C , _countryid ( usa ) ) ) , A ) )
how many rivers are in new york ?	_answer ( A , _count ( B , ( _river ( B ) , _loc ( B , C ) , _const ( C , _stateid ( ' new york ' ) ) ) , A ) )
which rivers are in alaska ?	_answer ( A , ( _river ( A ) , _loc ( A , B ) , _const ( B , _stateid ( alaska ) ) ) )
what is the longest river flowing through new york ?	_answer ( A , _longest ( A , ( _river ( A ) , _traverse ( A , B ) , _const ( B , _stateid ( ' new york ' ) ) ) ) )
what rivers run through west virginia ?	_answer ( A , ( _river ( A ) , _traverse ( A , B ) , _const ( B , _stateid ( ' west virginia ' ) ) ) )
what are the capitals of the states that border texas ?	_answer ( A , ( _capital ( A ) , _loc ( A , B ) , _state ( B ) , _next_to ( B , C ) , _const ( C , _stateid ( texas ) ) ) )
what is the area of california ?	_answer ( A , ( _area ( B , A ) , _const ( B , _stateid ( california ) ) ) )
how many states have a city named springfield ?	_answer ( A , _count ( B , ( _state ( B ) , _loc ( C , B ) , _const ( C , _cityid ( springfield , _ ) ) ) , A ) )
what is the biggest city in texas ?	_answer ( A , _largest ( A , ( _city ( A ) , _loc ( A , B ) , _const ( B , _stateid ( texas ) ) ) ) )
how many cities named austin are there in the usa ?	_answer ( A , _count ( B , ( _city ( B ) , _const ( B , _cityid ( austin , _ ) ) , _loc ( B , C ) , _const ( C , _countryid ( usa ) ) ) , A ) )
what are the major cities in the largest state ?	_answer ( A , ( _major ( A ) , _city ( A ) , _loc ( A , B ) , _largest ( B , _state ( B ) ) ) )
which states does the colorado river run through ?	_answer ( A , ( _state ( A ) , _const ( B , _riverid ( colorado ) ) , _traverse ( B , A ) ) )
what is the largest city in wisconsin ?	_answer ( A , _largest ( A , ( _city ( A ) , _loc ( A , B ) , _const ( B , _stateid ( wisconsin ) ) ) ) )
how big is alaska ?	_answer ( A , ( _size ( B , A ) , _const ( B , _stateid ( alaska ) ) ) )
what state contains the highest point in the us ?	_answer ( A , ( _state ( A ) , _loc ( B , A ) , _highest ( B , ( _place ( B ) , _loc ( B , C ) , _const ( C , _countryid ( usa ) ) ) ) ) )
how big is north dakota ?	_answer ( A , ( _size ( B , A ) , _const ( B , _stateid ( ' north dakota ' ) ) ) )
which rivers flow through alaska ?	_answer ( A , ( _river ( A ) , _traverse ( A , B ) , _const ( B , _stateid ( alaska ) ) ) )
what is the highest point in the us ?	_answer ( A , _highest ( A , ( _place ( A ) , _loc ( A , B ) , _const ( B , _countryid ( usa ) ) ) ) )
what is the shortest river in texas ?	_answer ( A , _shortest ( A , ( _river ( A ) , _loc ( A , B ) , _const ( B , _stateid ( texas ) ) ) ) )
what are the major cities in the states through which the major river in virginia runs ?	_answer ( A , ( _major ( A ) , _city ( A ) , _loc ( A , B ) , _state ( B ) , _river ( C ) , _loc ( C , D ) , _const ( D , _stateid ( virginia ) ) , _traverse ( C , B ) ) )
what rivers are in oregon ?	_answer ( A , ( _river ( A ) , _loc ( A , B ) , _const ( B , _stateid ( oregon ) ) ) )
what is the lowest point in the united states ?	_answer ( A , _lowest ( A , ( _place ( A ) , _loc ( A , B ) , _const ( B , _countryid ( usa ) ) ) ) )
how many states have cities or towns named springfield ?	_answer ( A , _count ( B , ( _state ( B ) , _loc ( C , B ) , _city ( C ) , _const ( C , _cityid ( springfield , _ ) ) ) , A ) )
what is the population of south dakota ?	_answer ( A , ( _population ( B , A ) , _const ( B , _stateid ( ' south dakota ' ) ) ) )
what is the capital of the state with the highest point ?	_answer ( A , ( _capital ( A ) , _loc ( A , B ) , _highest ( C , ( _state ( B ) , _loc ( C , B ) , _place ( C ) ) ) ) )
what state has the highest elevation ?	_answer ( A , _highest ( B , ( _state ( A ) , _loc ( B , A ) , _place ( B ) ) ) )
what states are next to texas ?	_answer ( A , ( _state ( A ) , _next_to ( A , B ) , _const ( B , _stateid ( texas ) ) ) )
what is the longest river that passes the states that border the state that borders the most states ?	_answer ( A , _longest ( A , ( _river ( A ) , _traverse ( A , B ) , _state ( B ) , _next_to ( B , C ) , _most ( C , D , ( _state ( C ) , _next_to ( C , D ) , _state ( D ) ) ) ) ) )
which states border hawaii ?	_answer ( A , ( _state ( A ) , _next_to ( A , B ) , _const ( B , _stateid ( hawaii ) ) ) )
how many major cities are there in oregon ?	_answer ( A , _count ( B , ( _major ( B ) , _city ( B ) , _loc ( B , C ) , _const ( C , _stateid ( oregon ) ) ) , A ) )
what is the population of springfield south dakota ?	_answer ( A , ( _population ( B , A ) , _const ( B , _cityid ( springfield , sd ) ) ) )
how many rivers run through texas ?	_answer ( A , _count ( B , ( _river ( B ) , _traverse ( B , C ) , _const ( C , _stateid ( texas ) ) ) , A ) )
what state has the most major rivers running through it ?	_answer ( A , _most ( A , B , ( _state ( A ) , _loc ( B , A ) , _major ( B ) , _river ( B ) , _traverse ( B , A ) ) ) )
what are the lakes in states bordering texas ?	_answer ( A , ( _lake ( A ) , _loc ( A , B ) , _state ( B ) , _next_to ( B , C ) , _const ( C , _stateid ( texas ) ) ) )
people in boulder ?	_answer ( A , ( _population ( B , A ) , _const ( B , _cityid ( boulder , _ ) ) ) )
what rivers are in nevada ?	_answer ( A , ( _river ( A ) , _loc ( A , B ) , _const ( B , _stateid ( nevada ) ) ) )
where is fort wayne ?	_answer ( A , ( _loc ( B , A ) , _const ( B , _cityid ( ' fort wayne ' , _ ) ) ) )
where is indianapolis ?	_answer ( A , ( _loc ( B , A ) , _const ( B , _cityid ( indianapolis , _ ) ) ) )
what states border states that border states that border states that border texas ?	_answer ( A , ( _state ( A ) , _next_to ( A , B ) , _state ( B ) , _next_to ( B , C ) , _state ( C ) , _next_to ( C , D ) , _state ( D ) , _next_to ( D , E ) , _const ( E , _stateid ( texas ) ) ) )
population of boulder ?	_answer ( A , ( _population ( B , A ) , _const ( B , _cityid ( boulder , _ ) ) ) )
what are the major cities of the united states ?	_answer ( A , ( _major ( A ) , _city ( A ) , _loc ( A , B ) , _const ( B , _countryid ( usa ) ) ) )
show major cities in colorado ?	_answer ( A , ( _major ( A ) , _city ( A ) , _loc ( A , B ) , _const ( B , _stateid ( colorado ) ) ) )
what state is columbus the capital of ?	_answer ( A , ( _state ( A ) , _const ( B , _cityid ( columbus , _ ) ) , _capital ( B ) , _loc ( B , A ) ) )
what is the area of all the states combined ?	_answer ( A , _sum ( C , _state ( C ) , _area ( C ) , A ) )
what is the average population per square km in the us ?	_answer ( A , ( _density ( B , A ) , _const ( B , _countryid ( usa ) ) ) )
what is the largest state that borders california ?	_answer ( A , _largest ( A , ( _state ( A ) , _next_to ( A , B ) , _const ( B , _stateid ( california ) ) ) ) )
what is the population of montana ?	_answer ( A , ( _population ( B , A ) , _const ( B , _stateid ( montana ) ) ) )
what are the populations of all the major cities in montana ?	_answer ( A , ( _population ( B , A ) , _major ( B ) , _city ( B ) , _loc ( B , C ) , _const ( C , _stateid ( montana ) ) ) )
which rivers run through the state with the lowest elevation in the usa ?	_answer ( A , ( _river ( A ) , _traverse ( A , B ) , _state ( B ) , _loc ( C , B ) , _lowest ( C , ( _place ( C ) , _loc ( C , D ) , _const ( D , _countryid ( usa ) ) ) ) ) )
what rivers flow through the largest state ?	_answer ( A , ( _river ( A ) , _traverse ( A , B ) , _largest ( B , _state ( B ) ) ) )
what is the area of maine ?	_answer ( A , ( _area ( B , A ) , _const ( B , _stateid ( maine ) ) ) )
what are major rivers in texas ?	_answer ( A , ( _major ( A ) , _river ( A ) , _loc ( A , B ) , _const ( B , _stateid ( texas ) ) ) )
what is the population density of the state with the smallest population ?	_answer ( A , ( _density ( B , A ) , _smallest ( C , ( _state ( B ) , _population ( B , C ) ) ) ) )
what is the highest point in wyoming ?	_answer ( A , _highest ( A , ( _place ( A ) , _loc ( A , B ) , _const ( B , _stateid ( wyoming ) ) ) ) )
what states border delaware ?	_answer ( A , ( _state ( A ) , _next_to ( A , B ) , _const ( B , _stateid ( delaware ) ) ) )
which state has the most rivers running through it ?	_answer ( A , _most ( A , B , ( _state ( A ) , _loc ( B , A ) , _river ( B ) , _traverse ( B , A ) ) ) )
what is largest capital ?	_answer ( A , _largest ( A , _capital ( A ) ) )
what is the state with the largest population density ?	_answer ( A , _largest ( B , ( _state ( A ) , _density ( A , B ) ) ) )
what states have towns named springfield ?	_answer ( A , ( _state ( A ) , _loc ( B , A ) , _const ( B , _cityid ( springfield , _ ) ) ) )
what is the smallest city in the largest state ?	_answer ( A , _smallest ( A , ( _city ( A ) , _loc ( A , B ) , _largest ( B , _state ( B ) ) ) ) )
what mountains are in alaska ?	_answer ( A , ( _mountain ( A ) , _loc ( A , B ) , _const ( B , _stateid ( alaska ) ) ) )
what rivers flow through colorado ?	_answer ( A , ( _river ( A ) , _traverse ( A , B ) , _const ( B , _stateid ( colorado ) ) ) )
which state has the least population density ?	_answer ( A , _smallest ( B , ( _state ( A ) , _density ( A , B ) ) ) )
how many inhabitants does montgomery have ?	_answer ( A , ( _population ( B , A ) , _const ( B , _cityid ( montgomery , _ ) ) ) )
what city has the largest population ?	_answer ( A , _largest ( B , ( _city ( A ) , _population ( A , B ) ) ) )
what is the largest state ?	_answer ( A , _largest ( A , _state ( A ) ) )
of the states washed by the mississippi river which has the lowest point ?	_answer ( A , _lowest ( B , ( _state ( A ) , _traverse ( C , A ) , _const ( C , _riverid ( mississippi ) ) , _loc ( B , A ) , _place ( B ) ) ) )
what is the area of the state with the smallest population density ?	_answer ( A , ( _area ( B , A ) , _smallest ( C , ( _state ( B ) , _density ( B , C ) ) ) ) )
which state contains most rivers ?	_answer ( A , _most ( A , B , ( _state ( A ) , _loc ( B , A ) , _river ( B ) ) ) )
what is the longest river in mississippi ?	_answer ( A , _longest ( A , ( _river ( A ) , _loc ( A , B ) , _const ( B , _stateid ( mississippi ) ) ) ) )
what is the capital of the largest state ?	_answer ( A , ( _capital ( A ) , _loc ( A , B ) , _largest ( B , _state ( B ) ) ) )
what state has the largest population ?	_answer ( A , _largest ( B , ( _state ( A ) , _population ( A , B ) ) ) )
name the rivers in arkansas ?	_answer ( A , ( _river ( A ) , _loc ( A , B ) , _const ( B , _stateid ( arkansas ) ) ) )
what are the populations of states through which the mississippi run ?	_answer ( A , ( _population ( B , A ) , _state ( B ) , _const ( C , _riverid ( mississippi ) ) , _traverse ( C , B ) ) )
what is the population of arizona ?	_answer ( A , ( _population ( B , A ) , _const ( B , _stateid ( arizona ) ) ) )
what state borders the state with the smallest population ?	_answer ( A , ( _state ( A ) , _next_to ( A , B ) , _smallest ( C , ( _state ( B ) , _population ( B , C ) ) ) ) )
what is the total area of the usa ?	_answer ( A , ( _area ( B , A ) , _const ( B , _countryid ( usa ) ) ) )
what is the population of seattle washington ?	_answer ( A , ( _population ( B , A ) , _const ( B , _cityid ( seattle , wa ) ) ) )
what is the size of the largest state in the usa ?	_answer ( A , ( _size ( B , A ) , _largest ( B , ( _state ( B ) , _loc ( B , C ) , _const ( C , _countryid ( usa ) ) ) ) ) )
what state has the capital salem ?	_answer ( A , ( _state ( A ) , _loc ( B , A ) , _capital ( B ) , _const ( B , _cityid ( salem , _ ) ) ) )
which is the lowest point of the states that the mississippi runs through ?	_answer ( B , _lowest ( B , ( _place ( B ) , _loc ( B , A ) , _state ( A ) , _const ( C , _riverid ( mississippi ) ) , _traverse ( C , A ) ) ) )
how many major cities are in texas ?	_answer ( A , _count ( B , ( _major ( B ) , _city ( B ) , _loc ( B , C ) , _const ( C , _stateid ( texas ) ) ) , A ) )
what is the capital city of the largest state in the us ?	_answer ( A , ( _capital ( A ) , _city ( A ) , _loc ( A , B ) , _largest ( B , ( _state ( B ) , _loc ( B , C ) , _const ( C , _countryid ( usa ) ) ) ) ) )
what are the major cities in rhode island ?	_answer ( A , ( _major ( A ) , _city ( A ) , _loc ( A , B ) , _const ( B , _stateid ( ' rhode island ' ) ) ) )
what state has the most people ?	_answer ( A , _largest ( B , ( _state ( A ) , _population ( A , B ) ) ) )
what is the largest city of kansas ?	_answer ( A , _largest ( A , ( _city ( A ) , _loc ( A , B ) , _const ( B , _stateid ( kansas ) ) ) ) )
what is the area of the state with the capital albany ?	_answer ( A , ( _area ( B , A ) , _state ( B ) , _loc ( C , B ) , _capital ( C ) , _const ( C , _cityid ( albany , _ ) ) ) )
what is the longest river that flows through colorado ?	_answer ( A , _longest ( A , ( _river ( A ) , _traverse ( A , B ) , _const ( B , _stateid ( colorado ) ) ) ) )
how many rivers does alaska have ?	_answer ( A , _count ( B , ( _river ( B ) , _const ( C , _stateid ( alaska ) ) , _loc ( B , C ) ) , A ) )
how big is massachusetts ?	_answer ( A , ( _size ( B , A ) , _const ( B , _stateid ( massachusetts ) ) ) )
how large is the largest city in alaska ?	_answer ( A , ( _size ( B , A ) , _largest ( B , ( _city ( B ) , _loc ( B , C ) , _const ( C , _stateid ( alaska ) ) ) ) ) )
how many cities are there in usa ?	_answer ( A , _count ( B , ( _city ( B ) , _loc ( B , C ) , _const ( C , _countryid ( usa ) ) ) , A ) )
what states capital is dover ?	_answer ( A , ( _state ( A ) , _capital ( A , B ) , _const ( B , _cityid ( dover , _ ) ) ) )
what states border new hampshire ?	_answer ( A , ( _state ( A ) , _next_to ( A , B ) , _const ( B , _stateid ( ' new hampshire ' ) ) ) )
what is the shortest river in nebraska ?	_answer ( A , _shortest ( A , ( _river ( A ) , _loc ( A , B ) , _const ( B , _stateid ( nebraska ) ) ) ) )
how many states border hawaii ?	_answer ( A , _count ( B , ( _state ( B ) , _next_to ( B , C ) , _const ( C , _stateid ( hawaii ) ) ) , A ) )
what state is dallas in ?	_answer ( A , ( _state ( A ) , _const ( B , _cityid ( dallas , _ ) ) , _loc ( B , A ) ) )
what city has the least population ?	_answer ( A , _smallest ( B , ( _city ( A ) , _population ( A , B ) ) ) )
how many people stay in utah ?	_answer ( A , ( _population ( B , A ) , _const ( B , _stateid ( utah ) ) ) )
what state has the sparsest population density ?	_answer ( A , _smallest ( B , ( _state ( A ) , _density ( A , B ) ) ) )
what is the largest state that borders the state with the lowest point in the usa ?	_answer ( A , _largest ( A , ( _state ( A ) , _next_to ( A , B ) , _state ( B ) , _loc ( C , B ) , _lowest ( C , ( _place ( C ) , _loc ( C , D ) , _const ( D , _countryid ( usa ) ) ) ) ) ) )
what is the largest city in texas ?	_answer ( A , _largest ( A , ( _city ( A ) , _loc ( A , B ) , _const ( B , _stateid ( texas ) ) ) ) )
what is the largest state in the us ?	_answer ( A , _largest ( A , ( _state ( A ) , _loc ( A , B ) , _const ( B , _countryid ( usa ) ) ) ) )
which state has the most people ?	_answer ( A , _largest ( B , ( _state ( A ) , _population ( A , B ) ) ) )
what rivers are in new mexico ?	_answer ( A , ( _river ( A ) , _loc ( A , B ) , _const ( B , _stateid ( ' new mexico ' ) ) ) )
what is the area of maryland in square kilometers ?	_answer ( A , ( _area ( B , A ) , _const ( B , _stateid ( maryland ) ) ) )
how many states are there in united states ?	_answer ( A , _count ( B , ( _state ( B ) , _loc ( B , C ) , _const ( C , _countryid ( usa ) ) ) , A ) )
how many major cities are in states bordering nebraska ?	_answer ( A , _count ( B , ( _major ( B ) , _city ( B ) , _loc ( B , C ) , _state ( C ) , _next_to ( C , D ) , _const ( D , _stateid ( nebraska ) ) ) , A ) )
what is the population of the largest state ?	_answer ( A , ( _population ( B , A ) , _largest ( B , _state ( B ) ) ) )
what is the size of florida ?	_answer ( A , ( _size ( B , A ) , _const ( B , _stateid ( florida ) ) ) )
how many rivers are in missouri ?	_answer ( A , _count ( B , ( _river ( B ) , _loc ( B , C ) , _const ( C , _stateid ( missouri ) ) ) , A ) )
how many rivers are there in texas ?	_answer ( A , _count ( B , ( _river ( B ) , _loc ( B , C ) , _const ( C , _stateid ( texas ) ) ) , A ) )
what is the highest point in the state with the capital des moines ?	_answer ( A , _highest ( A , ( _place ( A ) , _loc ( A , B ) , _state ( B ) , _loc ( C , B ) , _capital ( C ) , _const ( C , _cityid ( ' des moines ' , _ ) ) ) ) )
what is the population of seattle ?	_answer ( A , ( _population ( B , A ) , _const ( B , _cityid ( seattle , _ ) ) ) )
what is the highest point in colorado ?	_answer ( A , _highest ( A , ( _place ( A ) , _loc ( A , B ) , _const ( B , _stateid ( colorado ) ) ) ) )
which states border arizona ?	_answer ( A , ( _state ( A ) , _next_to ( A , B ) , _const ( B , _stateid ( arizona ) ) ) )
what rivers run through the state with the lowest point in the usa ?	_answer ( A , ( _river ( A ) , _traverse ( A , B ) , _state ( B ) , _loc ( C , B ) , _lowest ( C , ( _place ( C ) , _loc ( C , D ) , _const ( D , _countryid ( usa ) ) ) ) ) )
what is the population of minnesota ?	_answer ( A , ( _population ( B , A ) , _const ( B , _stateid ( minnesota ) ) ) )
what state has the city with the most population ?	_answer ( A , ( _state ( A ) , _loc ( B , A ) , _largest ( C , ( _city ( B ) , _population ( B , C ) ) ) ) )
which states have a major city named austin ?	_answer ( A , ( _state ( A ) , _loc ( B , A ) , _major ( B ) , _city ( B ) , _const ( B , _cityid ( austin , _ ) ) ) )
which states have points higher than the highest point in colorado ?	_answer ( A , ( _state ( A ) , _loc ( B , A ) , _place ( B ) , _higher ( B , C ) , _highest ( C , ( _place ( C ) , _loc ( C , D ) , _const ( D , _stateid ( colorado ) ) ) ) ) )
what is the highest point in the state with the smallest population ?	_answer ( A , _highest ( A , ( _place ( A ) , _loc ( A , B ) , _smallest ( C , ( _state ( B ) , _population ( B , C ) ) ) ) ) )
where is new hampshire ?	_answer ( A , ( _loc ( B , A ) , _const ( B , _stateid ( ' new hampshire ' ) ) ) )
which state borders florida ?	_answer ( A , ( _state ( A ) , _next_to ( A , B ) , _const ( B , _stateid ( florida ) ) ) )
how many rivers in texas are longer than the red ?	_answer ( A , _count ( B , ( _river ( B ) , _loc ( B , C ) , _const ( C , _stateid ( texas ) ) , _longer ( B , D ) , _const ( D , _riverid ( red ) ) ) , A ) )
how many rivers do not traverse the state with the capital albany ?	_answer ( A , _count ( B , ( _river ( B ) , \+ ( _traverse ( B , C ) , _state ( C ) , _loc ( D , C ) , _capital ( D ) , _const ( D , _cityid ( albany , _ ) ) ) ) , A ) )
what are the populations of the states through which the mississippi run ?	_answer ( A , ( _population ( B , A ) , _state ( B ) , _const ( C , _riverid ( mississippi ) ) , _traverse ( C , B ) ) )
through which states does the mississippi run ?	_answer ( A , ( _state ( A ) , _const ( B , _riverid ( mississippi ) ) , _traverse ( B , A ) ) )
what states are next to the mississippi ?	_answer ( A , ( _state ( A ) , _next_to ( A , B ) , _const ( B , _stateid ( mississippi ) ) ) )
give me the cities in virginia ?	_answer ( A , ( _city ( A ) , _loc ( A , B ) , _const ( B , _stateid ( virginia ) ) ) )
what are the capital cities of the states which border texas ?	_answer ( A , ( _capital ( A ) , _city ( A ) , _loc ( A , B ) , _state ( B ) , _next_to ( B , C ) , _const ( C , _stateid ( texas ) ) ) )
what state that borders texas has the highest population ?	_answer ( A , _largest ( B , ( _state ( A ) , _next_to ( A , C ) , _const ( C , _stateid ( texas ) ) , _population ( A , B ) ) ) )
what state is the state with the most rivers ?	_answer ( A , ( _state ( A ) , _most ( A , B , ( _state ( A ) , _loc ( B , A ) , _river ( B ) ) ) ) )
what state has the least population density ?	_answer ( A , _smallest ( B , ( _state ( A ) , _density ( A , B ) ) ) )
what are the major cities in ohio ?	_answer ( A , ( _major ( A ) , _city ( A ) , _loc ( A , B ) , _const ( B , _stateid ( ohio ) ) ) )
which states does the missouri river run through ?	_answer ( A , ( _state ( A ) , _const ( B , _riverid ( missouri ) ) , _river ( B ) , _traverse ( B , A ) ) )
what is the biggest city in arizona ?	_answer ( A , _largest ( A , ( _city ( A ) , _loc ( A , B ) , _const ( B , _stateid ( arizona ) ) ) ) )
how many people live in hawaii ?	_answer ( A , ( _population ( B , A ) , _const ( B , _stateid ( hawaii ) ) ) )
how many people live in the smallest state bordering wyoming ?	_answer ( A , ( _population ( B , A ) , _smallest ( B , ( _state ( B ) , _next_to ( B , C ) , _const ( C , _stateid ( wyoming ) ) ) ) ) )
what is the name of the state with the lowest point ?	_answer ( A , ( _state ( A ) , _loc ( B , A ) , _lowest ( B , _place ( B ) ) ) )
what rivers flow through missouri ?	_answer ( A , ( _river ( A ) , _traverse ( A , B ) , _const ( B , _stateid ( missouri ) ) ) )
what is the elevation of death valley ?	_answer ( A , ( _elevation ( B , A ) , _const ( B , _placeid ( ' death valley ' ) ) ) )
what river flows through texas ?	_answer ( A , ( _river ( A ) , _traverse ( A , B ) , _const ( B , _stateid ( texas ) ) ) )
how high are the highest points of all the states ?	_answer ( A , ( _elevation ( B , A ) , _highest ( B , ( _place ( B ) , _loc ( B , C ) , _state ( C ) ) ) ) )
what is the capital of new hampshire ?	_answer ( A , ( _capital ( A ) , _loc ( A , B ) , _const ( B , _stateid ( ' new hampshire ' ) ) ) )
how long is the rio grande river ?	_answer ( A , ( _len ( B , A ) , _const ( B , _riverid ( ' rio grande ' ) ) , _river ( B ) ) )
which state borders most states ?	_answer ( A , _most ( A , B , ( _state ( A ) , _next_to ( A , B ) , _state ( B ) ) ) )
how many states does missouri border ?	_answer ( A , _count ( B , ( _state ( B ) , _const ( C , _stateid ( missouri ) ) , _next_to ( C , B ) ) , A ) )
where is austin ?	_answer ( A , ( _loc ( B , A ) , _const ( B , _cityid ( austin , _ ) ) ) )
how high is the highest point of delaware ?	_answer ( A , ( _elevation ( B , A ) , _highest ( B , ( _place ( B ) , _loc ( B , C ) , _const ( C , _stateid ( delaware ) ) ) ) ) )
where is the highest point in montana ?	_answer ( A , _highest ( A , ( _place ( A ) , _loc ( A , B ) , _const ( B , _stateid ( montana ) ) ) ) )
what states border states that border the state with the largest population ?	_answer ( A , ( _state ( A ) , _next_to ( A , B ) , _state ( B ) , _next_to ( B , C ) , _largest ( D , ( _state ( C ) , _population ( C , D ) ) ) ) )
what is the height of the highest mountain in texas ?	_answer ( A , ( _elevation ( B , A ) , _highest ( B , ( _mountain ( B ) , _loc ( B , C ) , _const ( C , _stateid ( texas ) ) ) ) ) )
what state has the city flint ?	_answer ( A , ( _state ( A ) , _loc ( B , A ) , _city ( B ) , _const ( B , _cityid ( flint , _ ) ) ) )
what is the state with the largest density in usa ?	_answer ( A , _largest ( B , ( _state ( A ) , _density ( A , B ) , _loc ( A , C ) , _const ( C , _countryid ( usa ) ) ) ) )
what cities in texas have the highest number of citizens ?	_answer ( A , _largest ( B , ( _city ( A ) , _loc ( A , C ) , _const ( C , _stateid ( texas ) ) , _population ( A , B ) ) ) )
what states border missouri ?	_answer ( A , ( _state ( A ) , _next_to ( A , B ) , _const ( B , _stateid ( missouri ) ) ) )
give me the largest state ?	_answer ( A , _largest ( A , _state ( A ) ) )
which state has the sparsest population density ?	_answer ( A , _smallest ( B , ( _state ( A ) , _density ( A , B ) ) ) )
which states border alabama ?	_answer ( A , ( _state ( A ) , _next_to ( A , B ) , _const ( B , _stateid ( alabama ) ) ) )
what rivers flow through states that alabama borders ?	_answer ( A , ( _river ( A ) , _traverse ( A , B ) , _state ( B ) , _const ( C , _stateid ( alabama ) ) , _next_to ( C , B ) ) )
what are the major cities in wyoming ?	_answer ( A , ( _major ( A ) , _city ( A ) , _loc ( A , B ) , _const ( B , _stateid ( wyoming ) ) ) )
what are the highest points of states surrounding mississippi ?	_answer ( A , _highest ( A , ( _place ( A ) , _loc ( A , B ) , _state ( B ) , _next_to ( B , C ) , _const ( C , _stateid ( mississippi ) ) ) ) )
through which states does the mississippi flow ?	_answer ( A , ( _state ( A ) , _const ( B , _riverid ( mississippi ) ) , _traverse ( B , A ) ) )
where is scotts valley ?	_answer ( A , ( _loc ( B , A ) , _const ( B , _cityid ( ' scotts valley ' , _ ) ) ) )
what are the major lakes in united states ?	_answer ( A , ( _major ( A ) , _lake ( A ) , _loc ( A , B ) , _const ( B , _countryid ( usa ) ) ) )
what is the largest city in missouri ?	_answer ( A , _largest ( A , ( _city ( A ) , _loc ( A , B ) , _const ( B , _stateid ( missouri ) ) ) ) )
what states border alaska ?	_answer ( A , ( _state ( A ) , _next_to ( A , B ) , _const ( B , _stateid ( alaska ) ) ) )
what state has the largest city ?	_answer ( A , _largest ( B , ( _state ( A ) , _loc ( B , A ) , _city ( B ) ) ) )
what rivers run through maine ?	_answer ( A , ( _river ( A ) , _traverse ( A , B ) , _const ( B , _stateid ( maine ) ) ) )
give me the lakes in california ?	_answer ( A , ( _lake ( A ) , _loc ( A , B ) , _const ( B , _stateid ( california ) ) ) )
what is the combined population of all 50 states ?	_answer ( A , _sum ( C , _state ( C ) , _population ( C ) , A ) )
how high is the highest point of louisiana ?	_answer ( A , ( _elevation ( B , A ) , _highest ( B , ( _place ( B ) , _loc ( B , C ) , _const ( C , _stateid ( louisiana ) ) ) ) ) )
what is the longest river in pennsylvania ?	_answer ( A , _longest ( A , ( _river ( A ) , _loc ( A , B ) , _const ( B , _stateid ( pennsylvania ) ) ) ) )
what is the capital of maryland ?	_answer ( A , ( _capital ( A ) , _loc ( A , B ) , _const ( B , _stateid ( maryland ) ) ) )
what state is the biggest ?	_answer ( A , _largest ( A , _state ( A ) ) )
which states border iowa ?	_answer ( A , ( _state ( A ) , _next_to ( A , B ) , _const ( B , _stateid ( iowa ) ) ) )
which states border alaska ?	_answer ( A , ( _state ( A ) , _next_to ( A , B ) , _const ( B , _stateid ( alaska ) ) ) )
what is the largest state in usa ?	_answer ( A , _largest ( A , ( _state ( A ) , _loc ( A , B ) , _const ( B , _countryid ( usa ) ) ) ) )
what are the major cities in california ?	_answer ( A , ( _major ( A ) , _city ( A ) , _loc ( A , B ) , _const ( B , _stateid ( california ) ) ) )
what is the largest state traversed by the mississippi river ?	_answer ( A , _largest ( A , ( _state ( A ) , _traverse ( B , A ) , _const ( B , _riverid ( mississippi ) ) ) ) )
which rivers run through states bordering new mexico ?	_answer ( A , ( _river ( A ) , _traverse ( A , B ) , _state ( B ) , _next_to ( B , C ) , _const ( C , _stateid ( ' new mexico ' ) ) ) )
what is the lowest point in the state of texas ?	_answer ( A , _lowest ( A , ( _place ( A ) , _loc ( A , B ) , _state ( B ) , _const ( B , _stateid ( texas ) ) ) ) )
what is the smallest state bordering ohio ?	_answer ( A , _smallest ( A , ( _state ( A ) , _next_to ( A , B ) , _const ( B , _stateid ( ohio ) ) ) ) )
how many states are next to major rivers ?	_answer ( A , _count ( B , ( _state ( B ) , _next_to ( B , C ) , _major ( C ) , _river ( C ) ) , A ) )
what is the lowest point of the us ?	_answer ( A , _lowest ( A , ( _place ( A ) , _loc ( A , B ) , _const ( B , _countryid ( usa ) ) ) ) )
which state has the greatest density ?	_answer ( A , _largest ( B , ( _state ( A ) , _density ( A , B ) ) ) )
how many states border the largest state ?	_answer ( A , _count ( B , ( _state ( B ) , _next_to ( B , C ) , _largest ( C , _state ( C ) ) ) , A ) )
what is the longest river that does not run through texas ?	_answer ( A , _longest ( A , ( _river ( A ) , \+ ( _traverse ( A , B ) , _const ( B , _stateid ( texas ) ) ) ) ) )
give me all the states of usa ?	_answer ( A , ( _state ( A ) , _loc ( A , B ) , _const ( B , _countryid ( usa ) ) ) )
what is the density of texas ?	_answer ( A , ( _density ( B , A ) , _const ( B , _stateid ( texas ) ) ) )
what is the smallest city of the smallest state in the us ?	_answer ( A , _smallest ( A , ( _city ( A ) , _loc ( A , B ) , _smallest ( B , ( _state ( B ) , _loc ( B , C ) , _const ( C , _countryid ( usa ) ) ) ) ) ) )
what is the highest point in kansas ?	_answer ( A , _highest ( A , ( _place ( A ) , _loc ( A , B ) , _const ( B , _stateid ( kansas ) ) ) ) )
what is the population in boston ?	_answer ( A , ( _population ( B , A ) , _const ( B , _cityid ( boston , _ ) ) ) )
how many people are in the state of nevada ?	_answer ( A , ( _population ( B , A ) , _const ( B , _stateid ( nevada ) ) ) )
what is the population density of texas ?	_answer ( A , ( _density ( B , A ) , _const ( B , _stateid ( texas ) ) ) )
how many people live in washington dc ?	_answer ( A , ( _population ( B , A ) , _const ( B , _cityid ( washington , dc ) ) ) )
give me the cities in texas ?	_answer ( A , ( _city ( A ) , _loc ( A , B ) , _const ( B , _stateid ( texas ) ) ) )
how long is the shortest river in the usa ?	_answer ( A , ( _len ( B , A ) , _shortest ( B , ( _river ( B ) , _loc ( B , C ) , _const ( C , _countryid ( usa ) ) ) ) ) )
how many states have major rivers ?	_answer ( A , _count ( B , ( _state ( B ) , _loc ( C , B ) , _major ( C ) , _river ( C ) ) , A ) )
what is the population density of the smallest state ?	_answer ( A , ( _density ( B , A ) , _smallest ( B , _state ( B ) ) ) )
which states border michigan ?	_answer ( A , ( _state ( A ) , _next_to ( A , B ) , _const ( B , _stateid ( michigan ) ) ) )
what cities in texas have the highest populations ?	_answer ( A , _largest ( B , ( _city ( A ) , _loc ( A , C ) , _const ( C , _stateid ( texas ) ) , _population ( A , B ) ) ) )
what rivers run through the states that border the state with the capital atlanta ?	_answer ( A , ( _river ( A ) , _traverse ( A , B ) , _state ( B ) , _next_to ( B , C ) , _state ( C ) , _loc ( D , C ) , _capital ( D ) , _const ( D , _cityid ( atlanta , _ ) ) ) )
what is the highest point in the country ?	_answer ( A , _highest ( A , ( _place ( A ) , _loc ( A , B ) , _const ( B , _countryid ( usa ) ) ) ) )
how many people live in kalamazoo ?	_answer ( A , ( _population ( B , A ) , _const ( B , _cityid ( kalamazoo , _ ) ) ) )
how many major cities are in florida ?	_answer ( A , _count ( B , ( _major ( B ) , _city ( B ) , _loc ( B , C ) , _const ( C , _stateid ( florida ) ) ) , A ) )
what state has the greatest population density ?	_answer ( A , _largest ( B , ( _state ( A ) , _density ( A , B ) ) ) )
how many rivers are found in colorado ?	_answer ( A , _count ( B , ( _river ( B ) , _loc ( B , C ) , _const ( C , _stateid ( colorado ) ) ) , A ) )
what is the lowest point of the state with the largest area ?	_answer ( A , _lowest ( A , ( _place ( A ) , _loc ( A , B ) , _largest ( C , ( _state ( B ) , _area ( B , C ) ) ) ) ) )
what states border texas ?	_answer ( A , ( _state ( A ) , _next_to ( A , B ) , _const ( B , _stateid ( texas ) ) ) )
how many states border at least one other state ?	_answer ( A , _count ( B , ( _state ( B ) , _next_to ( B , C ) , _state ( C ) ) , A ) )
which states border no other states ?	_answer ( A , ( _state ( A ) , \+ ( _next_to ( A , B ) , _state ( B ) ) ) )
what rivers run through austin texas ?	_answer ( A , ( _river ( A ) , _traverse ( A , B ) , _const ( B , _cityid ( austin , tx ) ) ) )
how many people live in new hampshire ?	_answer ( A , ( _population ( B , A ) , _const ( B , _stateid ( ' new hampshire ' ) ) ) )
what is the capital of indiana ?	_answer ( A , ( _capital ( A ) , _loc ( A , B ) , _const ( B , _stateid ( indiana ) ) ) )
what states border the states with the most cities ?	_answer ( A , ( _state ( A ) , _next_to ( A , B ) , _most ( B , C , ( _state ( B ) , _loc ( C , B ) , _city ( C ) ) ) ) )
what is the area of the smallest state ?	_answer ( A , ( _area ( B , A ) , _smallest ( B , _state ( B ) ) ) )
which states border new york ?	_answer ( A , ( _state ( A ) , _next_to ( A , B ) , _const ( B , _stateid ( ' new york ' ) ) ) )
what is the population of maine ?	_answer ( A , ( _population ( B , A ) , _const ( B , _stateid ( maine ) ) ) )
what is the biggest city in the smallest state ?	_answer ( A , _largest ( A , ( _city ( A ) , _loc ( A , B ) , _smallest ( B , _state ( B ) ) ) ) )
what is the elevation of the highest point in the usa ?	_answer ( A , ( _elevation ( B , A ) , _highest ( B , ( _place ( B ) , _loc ( B , C ) , _const ( C , _countryid ( usa ) ) ) ) ) )
what state borders the least states excluding alaska and excluding hawaii ?	_answer ( A , _fewest ( A , B , ( _state ( A ) , _next_to ( A , B ) , _state ( B ) , \+ _const ( A , _stateid ( alaska ) ) , \+ _const ( A , _stateid ( hawaii ) ) ) ) )
what is the highest point in new mexico ?	_answer ( A , _highest ( A , ( _place ( A ) , _loc ( A , B ) , _const ( B , _stateid ( ' new mexico ' ) ) ) ) )
what is the biggest state ?	_answer ( A , _largest ( A , _state ( A ) ) )
how many people live in spokane washington ?	_answer ( A , ( _population ( B , A ) , _const ( B , _cityid ( spokane , wa ) ) ) )
what states does the shortest river run through ?	_answer ( A , ( _state ( A ) , _shortest ( B , _river ( B ) ) , _traverse ( B , A ) ) )
how long is rio grande ?	_answer ( A , ( _len ( B , A ) , _const ( B , _riverid ( ' rio grande ' ) ) ) )
how many people live in texas ?	_answer ( A , ( _population ( B , A ) , _const ( B , _stateid ( texas ) ) ) )
where is the lowest spot in iowa ?	_answer ( A , _lowest ( A , ( _place ( A ) , _loc ( A , B ) , _const ( B , _stateid ( iowa ) ) ) ) )
what are the populations of the states through which the mississippi river runs ?	_answer ( A , ( _population ( B , A ) , _state ( B ) , _const ( C , _riverid ( mississippi ) ) , _river ( C ) , _traverse ( C , B ) ) )
what is the lowest point in oregon ?	_answer ( A , _lowest ( A , ( _place ( A ) , _loc ( A , B ) , _const ( B , _stateid ( oregon ) ) ) ) )
what is the shortest river in alaska ?	_answer ( A , _shortest ( A , ( _river ( A ) , _loc ( A , B ) , _const ( B , _stateid ( alaska ) ) ) ) )
how many states border the mississippi river ?	_answer ( A , _count ( B , ( _state ( B ) , _next_to ( B , C ) , _const ( C , _riverid ( mississippi ) ) , _river ( C ) ) , A ) )
what is the most populated capital in the usa ?	_answer ( A , _largest ( B , ( _population ( A , B ) , _capital ( A ) , _loc ( A , C ) , _const ( C , _countryid ( usa ) ) ) ) )
what is the highest point in ohio ?	_answer ( A , _highest ( A , ( _place ( A ) , _loc ( A , B ) , _const ( B , _stateid ( ohio ) ) ) ) )
what states border wisconsin ?	_answer ( A , ( _state ( A ) , _next_to ( A , B ) , _const ( B , _stateid ( wisconsin ) ) ) )
what states have a capital that is the highest point in the state ?	_answer ( A , ( _state ( A ) , _loc ( B , A ) , _capital ( B ) , _high_point ( A , B ) ) )
how many states border colorado and border new mexico ?	_answer ( A , _count ( B , ( _state ( B ) , _next_to ( B , C ) , _const ( C , _stateid ( colorado ) ) , _next_to ( B , D ) , _const ( D , _stateid ( ' new mexico ' ) ) ) , A ) )
what are the major cities in missouri ?	_answer ( A , ( _major ( A ) , _city ( A ) , _loc ( A , B ) , _const ( B , _stateid ( missouri ) ) ) )
what are the major cities of texas ?	_answer ( A , ( _major ( A ) , _city ( A ) , _loc ( A , B ) , _const ( B , _stateid ( texas ) ) ) )
how many rivers are called colorado ?	_answer ( A , _count ( B , ( _river ( B ) , _const ( B , _riverid ( colorado ) ) ) , A ) )
how high is the highest point in montana ?	_answer ( A , ( _elevation ( B , A ) , _highest ( B , ( _place ( B ) , _loc ( B , C ) , _const ( C , _stateid ( montana ) ) ) ) ) )
how many states have cities named austin ?	_answer ( A , _count ( B , ( _state ( B ) , _loc ( C , B ) , _city ( C ) , _const ( C , _cityid ( austin , _ ) ) ) , A ) )
which states does the missouri river pass through ?	_answer ( A , ( _state ( A ) , _const ( B , _riverid ( missouri ) ) , _traverse ( B , A ) ) )
what is the biggest city in the us ?	_answer ( A , _largest ( A , ( _city ( A ) , _loc ( A , B ) , _const ( B , _countryid ( usa ) ) ) ) )
how big is new mexico ?	_answer ( A , ( _size ( B , A ) , _const ( B , _stateid ( ' new mexico ' ) ) ) )
how many people live in south dakota ?	_answer ( A , ( _population ( B , A ) , _const ( B , _stateid ( ' south dakota ' ) ) ) )
what state is pittsburgh in ?	_answer ( A , ( _state ( A ) , _const ( B , _cityid ( pittsburgh , _ ) ) , _loc ( B , A ) ) )
what rivers run through arizona ?	_answer ( A , ( _river ( A ) , _traverse ( A , B ) , _const ( B , _stateid ( arizona ) ) ) )
how many major rivers cross ohio ?	_answer ( A , _count ( B , ( _major ( B ) , _river ( B ) , _traverse ( B , C ) , _const ( C , _stateid ( ohio ) ) ) , A ) )
how many people in boulder ?	_answer ( A , ( _population ( B , A ) , _const ( B , _cityid ( boulder , _ ) ) ) )
how many rivers are there in idaho ?	_answer ( A , _count ( B , ( _river ( B ) , _loc ( B , C ) , _const ( C , _stateid ( idaho ) ) ) , A ) )
sacramento is the capital of which state ?	_answer ( A , ( _const ( B , _cityid ( sacramento , _ ) ) , _capital ( B ) , _loc ( B , A ) , _state ( A ) ) )
how many cities are there in us ?	_answer ( A , _count ( B , ( _city ( B ) , _loc ( B , C ) , _const ( C , _countryid ( usa ) ) ) , A ) )
how many citizens live in california ?	_answer ( A , ( _population ( B , A ) , _const ( B , _stateid ( california ) ) ) )
what state has the largest urban population ?	_answer ( A , _largest ( B , ( _state ( A ) , _population ( A , B ) ) ) )
what states border the mississippi river ?	_answer ( A , ( _state ( A ) , _next_to ( A , B ) , _const ( B , _riverid ( mississippi ) ) , _river ( B ) ) )
what can you tell me about the population of missouri ?	_answer ( A , ( _population ( B , A ) , _const ( B , _stateid ( missouri ) ) ) )
what rivers do not run through tennessee ?	_answer ( A , ( _river ( A ) , \+ ( _traverse ( A , B ) , _const ( B , _stateid ( tennessee ) ) ) ) )
what is the largest city in a state that borders texas ?	_answer ( A , _largest ( A , ( _city ( A ) , _loc ( A , B ) , _state ( B ) , _next_to ( B , C ) , _const ( C , _stateid ( texas ) ) ) ) )
name the longest river in us ?	_answer ( A , _longest ( A , ( _river ( A ) , _loc ( A , B ) , _const ( B , _countryid ( usa ) ) ) ) )
how many states does the mississippi run through ?	_answer ( A , _count ( B , ( _state ( B ) , _const ( C , _riverid ( mississippi ) ) , _traverse ( C , B ) ) , A ) )
what is the largest of the state that the rio grande runs through ?	_answer ( A , _largest ( A , ( _state ( A ) , _const ( B , _riverid ( ' rio grande ' ) ) , _traverse ( B , A ) ) ) )
what is the size of the capital of texas ?	_answer ( A , ( _size ( B , A ) , _capital ( B ) , _loc ( B , C ) , _const ( C , _stateid ( texas ) ) ) )
what states have rivers running through them ?	_answer ( A , ( _state ( A ) , _loc ( B , A ) , _river ( B ) , _traverse ( B , A ) ) )
what states border hawaii ?	_answer ( A , ( _state ( A ) , _next_to ( A , B ) , _const ( B , _stateid ( hawaii ) ) ) )
how many citizens in boulder ?	_answer ( A , ( _population ( B , A ) , _const ( B , _cityid ( boulder , _ ) ) ) )
what states border states that border states that border florida ?	_answer ( A , ( _state ( A ) , _next_to ( A , B ) , _state ( B ) , _next_to ( B , C ) , _state ( C ) , _next_to ( C , D ) , _const ( D , _stateid ( florida ) ) ) )
which states border the longest river in the usa ?	_answer ( A , ( _state ( A ) , _next_to ( A , B ) , _longest ( B , ( _river ( B ) , _loc ( B , C ) , _const ( C , _countryid ( usa ) ) ) ) ) )
what is the population density of wyoming ?	_answer ( A , ( _density ( B , A ) , _const ( B , _stateid ( wyoming ) ) ) )
how many people are there in iowa ?	_answer ( A , ( _population ( B , A ) , _const ( B , _stateid ( iowa ) ) ) )
what is the highest point in the state with the most rivers ?	_answer ( A , _highest ( A , ( _place ( A ) , _loc ( A , B ) , _most ( B , C , ( _state ( B ) , _traverse ( C , B ) , _river ( C ) ) ) ) ) )
number of citizens in boulder ?	_answer ( A , ( _population ( B , A ) , _const ( B , _cityid ( boulder , _ ) ) ) )
what are the rivers of montana ?	_answer ( A , ( _river ( A ) , _loc ( A , B ) , _const ( B , _stateid ( montana ) ) ) )
how many states border on the state whose capital is boston ?	_answer ( A , _count ( B , ( _state ( B ) , _next_to ( B , C ) , _state ( C ) , _loc ( D , C ) , _capital ( D ) , _const ( D , _cityid ( boston , _ ) ) ) , A ) )
how many people live in washington ?	_answer ( A , ( _population ( B , A ) , _const ( B , _stateid ( washington ) ) ) )
what is the largest state capital in population ?	_answer ( A , _largest ( B , ( _state ( C ) , _capital ( C , A ) , _population ( A , B ) ) ) )
what is the largest city in states that border california ?	_answer ( A , _largest ( A , ( _city ( A ) , _loc ( A , B ) , _state ( B ) , _next_to ( B , C ) , _const ( C , _stateid ( california ) ) ) ) )
what is the most populous city in wyoming ?	_answer ( A , _largest ( B , ( _population ( A , B ) , _city ( A ) , _loc ( A , C ) , _const ( C , _stateid ( wyoming ) ) ) ) )
what is the population density in the state with capital austin ?	_answer ( A , ( _density ( B , A ) , _state ( B ) , _loc ( C , B ) , _capital ( C ) , _const ( C , _cityid ( austin , _ ) ) ) )
what is the population of portland maine ?	_answer ( A , ( _population ( B , A ) , _const ( B , _cityid ( portland , me ) ) ) )
which state is kalamazoo in ?	_answer ( A , ( _state ( A ) , _const ( B , _cityid ( kalamazoo , _ ) ) , _loc ( B , A ) ) )
what is the population of the largest state that borders texas ?	_answer ( A , ( _population ( B , A ) , _largest ( B , ( _state ( B ) , _next_to ( B , C ) , _const ( C , _stateid ( texas ) ) ) ) ) )
what states border ohio ?	_answer ( A , ( _state ( A ) , _next_to ( A , B ) , _const ( B , _stateid ( ohio ) ) ) )
what river is the longest one in the united states ?	_answer ( A , _longest ( A , ( _river ( A ) , _loc ( A , B ) , _const ( B , _countryid ( usa ) ) ) ) )
what is the population density of the state with the smallest area ?	_answer ( A , ( _density ( B , A ) , _smallest ( C , ( _state ( B ) , _area ( B , C ) ) ) ) )
what is the largest capital ?	_answer ( A , _largest ( A , _capital ( A ) ) )
what state has the smallest capital ?	_answer ( A , ( _state ( A ) , _loc ( B , A ) , _smallest ( B , _capital ( B ) ) ) )
how many big cities are in pennsylvania ?	_answer ( A , _count ( B , ( _major ( B ) , _city ( B ) , _loc ( B , C ) , _const ( C , _stateid ( pennsylvania ) ) ) , A ) )
which states lie on the largest river in the united states ?	_answer ( A , ( _state ( A ) , _traverse ( B , A ) , _largest ( B , ( _river ( B ) , _loc ( B , C ) , _const ( C , _countryid ( usa ) ) ) ) ) )
where is houston ?	_answer ( A , ( _loc ( B , A ) , _const ( B , _cityid ( houston , _ ) ) ) )
what rivers flow through states that border the state with the largest population ?	_answer ( A , ( _river ( A ) , _traverse ( A , B ) , _state ( B ) , _next_to ( B , C ) , _largest ( D , ( _state ( C ) , _population ( C , D ) ) ) ) )
what is the highest point in the smallest state ?	_answer ( A , _highest ( A , ( _place ( A ) , _loc ( A , B ) , _smallest ( B , _state ( B ) ) ) ) )
what river runs through virginia ?	_answer ( A , ( _river ( A ) , _traverse ( A , B ) , _const ( B , _stateid ( virginia ) ) ) )
what state borders michigan ?	_answer ( A , ( _state ( A ) , _next_to ( A , B ) , _const ( B , _stateid ( michigan ) ) ) )
name the major lakes in michigan ?	_answer ( A , ( _major ( A ) , _lake ( A ) , _loc ( A , B ) , _const ( B , _stateid ( michigan ) ) ) )
give me the cities in virginia ?	_answer ( A , ( _city ( A ) , _loc ( A , B ) , _const ( B , _stateid ( virginia ) ) ) )
which river runs through the most states ?	_answer ( A , _most ( A , B , ( _river ( A ) , _traverse ( A , B ) , _state ( B ) ) ) )
how many people live in new mexico ?	_answer ( A , ( _population ( B , A ) , _const ( B , _stateid ( ' new mexico ' ) ) ) )
what is the largest city in alabama ?	_answer ( A , _largest ( A , ( _city ( A ) , _loc ( A , B ) , _const ( B , _stateid ( alabama ) ) ) ) )
how many people live in san francisco ?	_answer ( A , ( _population ( B , A ) , _const ( B , _cityid ( ' san francisco ' , _ ) ) ) )
what is the population of the capital of the largest state ?	_answer ( A , ( _population ( B , A ) , _capital ( B ) , _loc ( B , C ) , _largest ( C , _state ( C ) ) ) )
what is the longest river in the us ?	_answer ( A , _longest ( A , ( _river ( A ) , _loc ( A , B ) , _const ( B , _countryid ( usa ) ) ) ) )
what is the largest state that borders the state with the highest population ?	_answer ( A , _largest ( A , ( _state ( A ) , _next_to ( A , B ) , _largest ( C , ( _state ( B ) , _population ( B , C ) ) ) ) ) )
show me all the major lakes in the us ?	_answer ( A , ( _major ( A ) , _lake ( A ) , _loc ( A , B ) , _const ( B , _countryid ( usa ) ) ) )
where is springfield ?	_answer ( A , ( _loc ( B , A ) , _const ( B , _cityid ( springfield , _ ) ) ) )
what state is des moines located in ?	_answer ( A , ( _state ( A ) , _const ( B , _cityid ( ' des moines ' , _ ) ) , _loc ( B , A ) ) )
how many cities does texas have ?	_answer ( A , _count ( B , ( _city ( B ) , _const ( C , _stateid ( texas ) ) , _loc ( B , C ) ) , A ) )
what state is boston in ?	_answer ( A , ( _state ( A ) , _const ( B , _cityid ( boston , _ ) ) , _loc ( B , A ) ) )
which rivers run through the state with the largest city in the us ?	_answer ( A , ( _river ( A ) , _traverse ( A , B ) , _largest ( C , ( _state ( B ) , _loc ( C , B ) , _city ( C ) , _loc ( C , D ) , _const ( D , _countryid ( usa ) ) ) ) ) )
states bordering iowa ?	_answer ( A , ( _state ( A ) , _next_to ( A , B ) , _const ( B , _stateid ( iowa ) ) ) )
what states have no bordering state ?	_answer ( A , ( _state ( A ) , \+ ( _next_to ( A , B ) , _state ( B ) ) ) )
where is the lowest point in the us ?	_answer ( A , _lowest ( A , ( _place ( A ) , _loc ( A , B ) , _const ( B , _countryid ( usa ) ) ) ) )
what are the major cities in oklahoma ?	_answer ( A , ( _major ( A ) , _city ( A ) , _loc ( A , B ) , _const ( B , _stateid ( oklahoma ) ) ) )
which state has the smallest area that borders texas ?	_answer ( A , _smallest ( B , ( _state ( A ) , _area ( A , B ) , _next_to ( A , C ) , _const ( C , _stateid ( texas ) ) ) ) )
what is the capital of the state with the highest elevation ?	_answer ( A , ( _capital ( A ) , _loc ( A , B ) , _state ( B ) , _loc ( C , B ) , _highest ( C , _place ( C ) ) ) )
what states does the mississippi run through ?	_answer ( A , ( _state ( A ) , _const ( B , _riverid ( mississippi ) ) , _traverse ( B , A ) ) )
where is mount whitney located ?	_answer ( A , ( _loc ( B , A ) , _const ( B , _placeid ( ' mount whitney ' ) ) ) )
which state has the largest density ?	_answer ( A , _largest ( B , ( _state ( A ) , _density ( A , B ) ) ) )
what is the smallest city in washington ?	_answer ( A , _smallest ( A , ( _city ( A ) , _loc ( A , B ) , _const ( B , _stateid ( washington ) ) ) ) )
what are the major cities in new mexico ?	_answer ( A , ( _major ( A ) , _city ( A ) , _loc ( A , B ) , _const ( B , _stateid ( ' new mexico ' ) ) ) )
how many people live in the capital of georgia ?	_answer ( A , ( _population ( B , A ) , _capital ( B ) , _loc ( B , C ) , _const ( C , _stateid ( georgia ) ) ) )
what state which the mississippi runs through has the largest population ?	_answer ( A , _largest ( B , ( _state ( A ) , _const ( C , _riverid ( mississippi ) ) , _traverse ( C , A ) , _population ( A , B ) ) ) )
state the state with the largest area ?	_answer ( A , ( _state ( A ) , _largest ( B , ( _state ( A ) , _area ( A , B ) ) ) ) )
how many people live in riverside ?	_answer ( A , ( _population ( B , A ) , _const ( B , _cityid ( riverside , _ ) ) ) )
what is the area of seattle ?	_answer ( A , ( _area ( B , A ) , _const ( B , _cityid ( seattle , _ ) ) ) )
what capital has the largest population ?	_answer ( A , _largest ( B , ( _capital ( A ) , _population ( A , B ) ) ) )
what is the capital of the state that borders the most states ?	_answer ( A , ( _capital ( A ) , _loc ( A , B ) , _most ( B , C , ( _state ( B ) , _next_to ( B , C ) , _state ( C ) ) ) ) )
how many rivers run through the states bordering colorado ?	_answer ( A , _count ( B , ( _river ( B ) , _traverse ( B , C ) , _state ( C ) , _next_to ( C , D ) , _const ( D , _stateid ( colorado ) ) ) , A ) )
what are the cities in california ?	_answer ( A , ( _city ( A ) , _loc ( A , B ) , _const ( B , _stateid ( california ) ) ) )
what state is austin the capital of ?	_answer ( A , ( _state ( A ) , _const ( B , _cityid ( austin , _ ) ) , _capital ( B ) , _loc ( B , A ) ) )
how many people live in kansas ?	_answer ( A , ( _population ( B , A ) , _const ( B , _stateid ( kansas ) ) ) )
what state borders the least states ?	_answer ( A , _fewest ( A , B , ( _state ( A ) , _next_to ( A , B ) , _state ( B ) ) ) )
which states border south dakota ?	_answer ( A , ( _state ( A ) , _next_to ( A , B ) , _const ( B , _stateid ( ' south dakota ' ) ) ) )
name the rivers in arkansas ?	_answer ( A , ( _river ( A ) , _loc ( A , B ) , _const ( B , _stateid ( arkansas ) ) ) )
how long is the mississippi river in miles ?	_answer ( A , ( _len ( B , A ) , _const ( B , _riverid ( mississippi ) ) , _river ( B ) ) )
what is the shortest river in the us ?	_answer ( A , _shortest ( A , ( _river ( A ) , _loc ( A , B ) , _const ( B , _countryid ( usa ) ) ) ) )
what is the biggest city in usa ?	_answer ( A , _largest ( A , ( _city ( A ) , _loc ( A , B ) , _const ( B , _countryid ( usa ) ) ) ) )
what is the capital of washington ?	_answer ( A , ( _capital ( A ) , _loc ( A , B ) , _const ( B , _stateid ( washington ) ) ) )
how many cities are in montana ?	_answer ( A , _count ( B , ( _city ( B ) , _loc ( B , C ) , _const ( C , _stateid ( montana ) ) ) , A ) )
what is the capital of the state texas ?	_answer ( A , ( _capital ( A ) , _loc ( A , B ) , _state ( B ) , _const ( B , _stateid ( texas ) ) ) )
what is the height of mount mckinley ?	_answer ( A , ( _elevation ( B , A ) , _const ( B , _placeid ( ' mount mckinley ' ) ) ) )
what is the city with the smallest population ?	_answer ( A , _smallest ( B , ( _city ( A ) , _population ( A , B ) ) ) )
what is the biggest state in the usa ?	_answer ( A , _largest ( A , ( _state ( A ) , _loc ( A , B ) , _const ( B , _countryid ( usa ) ) ) ) )
how many major cities are in states bordering utah ?	_answer ( A , _count ( B , ( _major ( B ) , _city ( B ) , _loc ( B , C ) , _state ( C ) , _next_to ( C , D ) , _const ( D , _stateid ( utah ) ) ) , A ) )
how many states border tennessee ?	_answer ( A , _count ( B , ( _state ( B ) , _next_to ( B , C ) , _const ( C , _stateid ( tennessee ) ) ) , A ) )
what states does the ohio river go through ?	_answer ( A , ( _state ( A ) , _const ( B , _riverid ( ohio ) ) , _river ( B ) , _traverse ( B , A ) ) )
what is the longest river in the smallest state in the usa ?	_answer ( A , _longest ( A , ( _river ( A ) , _loc ( A , B ) , _smallest ( B , ( _state ( B ) , _loc ( B , C ) , _const ( C , _countryid ( usa ) ) ) ) ) ) )
what is the smallest state by area ?	_answer ( A , _smallest ( B , ( _state ( A ) , _area ( A , B ) ) ) )
what is the population of the capital of the largest state through which the mississippi runs ?	_answer ( A , ( _population ( B , A ) , _capital ( B ) , _loc ( B , C ) , _largest ( C , ( _state ( C ) , _const ( D , _riverid ( mississippi ) ) , _traverse ( D , C ) ) ) ) )
what is the population of boston massachusetts ?	_answer ( A , ( _population ( B , A ) , _const ( B , _cityid ( boston , ma ) ) ) )
what cities in california ?	_answer ( A , ( _city ( A ) , _loc ( A , B ) , _const ( B , _stateid ( california ) ) ) )
how big is the city of new york ?	_answer ( A , ( _size ( B , A ) , _const ( B , _cityid ( ' new york ' , _ ) ) ) )
what state has the most cities ?	_answer ( A , _most ( A , B , ( _state ( A ) , _loc ( B , A ) , _city ( B ) ) ) )
what is the longest river ?	_answer ( A , _longest ( A , _river ( A ) ) )
name the 50 capitals in the usa ?	_answer ( A , ( _capital ( A ) , _loc ( A , B ) , _const ( B , _countryid ( usa ) ) ) )
what is the capital of the state that borders the state that borders texas ?	_answer ( A , ( _capital ( A ) , _loc ( A , B ) , _state ( B ) , _next_to ( B , C ) , _state ( C ) , _next_to ( C , D ) , _const ( D , _stateid ( texas ) ) ) )
which state has the red river ?	_answer ( A , ( _state ( A ) , _loc ( B , A ) , _const ( B , _riverid ( red ) ) , _river ( B ) ) )
how many people live in chicago ?	_answer ( A , ( _population ( B , A ) , _const ( B , _cityid ( chicago , _ ) ) ) )
what is the smallest city in alaska ?	_answer ( A , _smallest ( A , ( _city ( A ) , _loc ( A , B ) , _const ( B , _stateid ( alaska ) ) ) ) )
list the states ?	_answer ( A , _state ( A ) )
what is the biggest city in georgia ?	_answer ( A , _largest ( A , ( _city ( A ) , _loc ( A , B ) , _const ( B , _stateid ( georgia ) ) ) ) )
what states border states which the mississippi runs through ?	_answer ( A , ( _state ( A ) , _next_to ( A , B ) , _state ( B ) , _const ( C , _riverid ( mississippi ) ) , _traverse ( C , B ) ) )
how many cities are there in the us ?	_answer ( A , _count ( B , ( _city ( B ) , _loc ( B , C ) , _const ( C , _countryid ( usa ) ) ) , A ) )
how big is texas ?	_answer ( A , ( _size ( B , A ) , _const ( B , _stateid ( texas ) ) ) )
what is the height of the highest point in the usa ?	_answer ( A , ( _elevation ( B , A ) , _highest ( B , ( _place ( B ) , _loc ( B , C ) , _const ( C , _countryid ( usa ) ) ) ) ) )
what are the populations of the states through which the mississippi runs ?	_answer ( A , ( _population ( B , A ) , _state ( B ) , _const ( C , _riverid ( mississippi ) ) , _traverse ( C , B ) ) )
what state has the smallest population ?	_answer ( A , _smallest ( B , ( _state ( A ) , _population ( A , B ) ) ) )
how many states border texas ?	_answer ( A , _count ( B , ( _state ( B ) , _next_to ( B , C ) , _const ( C , _stateid ( texas ) ) ) , A ) )
which states do colorado river flow through ?	_answer ( A , ( _state ( A ) , _const ( B , _riverid ( colorado ) ) , _river ( B ) , _traverse ( B , A ) ) )
what is the highest point in texas ?	_answer ( A , _highest ( A , ( _place ( A ) , _loc ( A , B ) , _const ( B , _stateid ( texas ) ) ) ) )
what is the longest river in california ?	_answer ( A , _longest ( A , ( _river ( A ) , _loc ( A , B ) , _const ( B , _stateid ( california ) ) ) ) )
what is the length of the river that runs through the most number of states ?	_answer ( A , ( _len ( B , A ) , _most ( B , C , ( _river ( B ) , _traverse ( B , C ) , _state ( C ) ) ) ) )
what is the most populous state in the us ?	_answer ( A , _largest ( B , ( _population ( A , B ) , _state ( A ) , _loc ( A , C ) , _const ( C , _countryid ( usa ) ) ) ) )
what is the capital of georgia ?	_answer ( A , ( _capital ( A ) , _loc ( A , B ) , _const ( B , _stateid ( georgia ) ) ) )
what is the average population of the us by state ?	_answer ( A , ( _density ( B , A ) , _const ( B , _countryid ( usa ) ) ) )
what is the area of new mexico ?	_answer ( A , ( _area ( B , A ) , _const ( B , _stateid ( ' new mexico ' ) ) ) )
what is the longest river in texas ?	_answer ( A , _longest ( A , ( _river ( A ) , _loc ( A , B ) , _const ( B , _stateid ( texas ) ) ) ) )
how many major cities are there ?	_answer ( A , _count ( B , ( _major ( B ) , _city ( B ) ) , A ) )
how many rivers are in the state with the largest population ?	_answer ( A , _count ( B , ( _river ( B ) , _loc ( B , C ) , _largest ( D , ( _state ( C ) , _population ( C , D ) ) ) ) , A ) )
what is the major cities in montana ?	_answer ( A , ( _major ( A ) , _city ( A ) , _loc ( A , B ) , _const ( B , _stateid ( montana ) ) ) )
what is the population of the major cities in wisconsin ?	_answer ( A , ( _population ( B , A ) , _major ( B ) , _city ( B ) , _loc ( B , C ) , _const ( C , _stateid ( wisconsin ) ) ) )
which states does not border texas ?	_answer ( A , ( _state ( A ) , \+ ( _next_to ( A , B ) , _const ( B , _stateid ( texas ) ) ) ) )
what river traverses the most states ?	_answer ( A , _most ( A , B , ( _river ( A ) , _traverse ( A , B ) , _state ( B ) ) ) )
what is the state with the lowest population density ?	_answer ( A , _smallest ( B , ( _state ( A ) , _density ( A , B ) ) ) )
what states does the missouri river run through ?	_answer ( A , ( _state ( A ) , _const ( B , _riverid ( missouri ) ) , _river ( B ) , _traverse ( B , A ) ) )
how many rivers are in colorado ?	_answer ( A , _count ( B , ( _river ( B ) , _loc ( B , C ) , _const ( C , _stateid ( colorado ) ) ) , A ) )
what is the shortest river in iowa ?	_answer ( A , _shortest ( A , ( _river ( A ) , _loc ( A , B ) , _const ( B , _stateid ( iowa ) ) ) ) )
what states border states that the mississippi runs through ?	_answer ( A , ( _state ( A ) , _next_to ( A , B ) , _state ( B ) , _const ( C , _riverid ( mississippi ) ) , _traverse ( C , B ) ) )
how many people are there in new york ?	_answer ( A , ( _population ( B , A ) , _const ( B , _stateid ( ' new york ' ) ) ) )
what is the city in texas with the largest population ?	_answer ( A , _largest ( B , ( _city ( A ) , _loc ( A , C ) , _const ( C , _stateid ( texas ) ) , _population ( A , B ) ) ) )
what is the highest elevation in new mexico ?	_answer ( A , _highest ( A , ( _place ( A ) , _loc ( A , B ) , _const ( B , _stateid ( ' new mexico ' ) ) ) ) )
what is the highest point in the united states ?	_answer ( A , _highest ( A , ( _place ( A ) , _loc ( A , B ) , _const ( B , _countryid ( usa ) ) ) ) )
what is the population of the state with the largest area ?	_answer ( A , ( _population ( B , A ) , _largest ( C , ( _state ( B ) , _area ( B , C ) ) ) ) )
where is baton rouge ?	_answer ( A , ( _loc ( B , A ) , _const ( B , _cityid ( ' baton rouge ' , _ ) ) ) )
what states in the united states have a city of springfield ?	_answer ( A , ( _state ( A ) , _loc ( A , B ) , _const ( B , _countryid ( usa ) ) , _loc ( C , A ) , _const ( C , _cityid ( springfield , _ ) ) ) )
how many cities are in louisiana ?	_answer ( A , _count ( B , ( _city ( B ) , _loc ( B , C ) , _const ( C , _stateid ( louisiana ) ) ) , A ) )
how many states are in the united states ?	_answer ( A , _count ( B , ( _state ( B ) , _loc ( B , C ) , _const ( C , _countryid ( usa ) ) ) , A ) )
what rivers run through louisiana ?	_answer ( A , ( _river ( A ) , _traverse ( A , B ) , _const ( B , _stateid ( louisiana ) ) ) )
how many people live in the state with the largest population density ?	_answer ( A , ( _population ( B , A ) , _largest ( C , ( _state ( B ) , _density ( B , C ) ) ) ) )
what is the state with the highest elevation in the united states ?	_answer ( A , ( _state ( A ) , _loc ( B , A ) , _highest ( B , ( _place ( B ) , _loc ( B , C ) , _const ( C , _countryid ( usa ) ) ) ) ) )
what state borders most other states ?	_answer ( A , _most ( A , B , ( _state ( A ) , _next_to ( A , B ) , _state ( B ) ) ) )
which states adjoin alabama ?	_answer ( A , ( _state ( A ) , _next_to ( A , B ) , _const ( B , _stateid ( alabama ) ) ) )
what is the length of the colorado river in texas ?	_answer ( A , ( _len ( B , A ) , _const ( B , _riverid ( colorado ) ) , _river ( B ) , _loc ( B , C ) , _const ( C , _stateid ( texas ) ) ) )
what state has the highest population ?	_answer ( A , _largest ( B , ( _state ( A ) , _population ( A , B ) ) ) )
what is the state that contains the highest point ?	_answer ( A , ( _state ( A ) , _loc ( B , A ) , _highest ( B , _place ( B ) ) ) )
what is the population density of south dakota ?	_answer ( A , ( _density ( B , A ) , _const ( B , _stateid ( ' south dakota ' ) ) ) )
what states have cities named austin ?	_answer ( A , ( _state ( A ) , _loc ( B , A ) , _city ( B ) , _const ( B , _cityid ( austin , _ ) ) ) )
how many people live in montana ?	_answer ( A , ( _population ( B , A ) , _const ( B , _stateid ( montana ) ) ) )
